-- 002_import_haravan_products.sql - Part 14/18
-- Generated: 2025-10-25T04:17:01.385Z
-- Contains 12 complete product records
-- Each product includes: INSERT product + variants + images

BEGIN;

-- Product: TRẦM HƯƠNG CẢNH - MẪU 21
INSERT INTO products (
  haravan_product_id, name_vi, slug, description_vi, excerpt_vi,
  seo_title_vi, seo_description_vi, brand, product_type, tags, status,
  haravan_created_at, haravan_updated_at
) VALUES (
  '1044277788',
  'TRẦM HƯƠNG CẢNH - MẪU 21',
  'tram-huong-canh-mau-21',
  '<h1 style="text-align: center;"><strong>TRẦM HƯƠNG CẢNH - MẪU 21</strong></h1><p style="text-align: justify;">&nbsp;</p><p style="text-align: justify;"><strong>THÔNG TIN SẢN PHẨM</strong></p><table border="1" cellspacing="1" cellpadding="1" style="width:700px"><tbody><tr><td style="text-align:justify">KÍCH THƯỚC</td><td style="text-align:justify">&nbsp;</td></tr><tr><td style="text-align:justify">LOẠI TRẦM</td><td style="text-align:justify">Trầm hương tự nhiên</td></tr><tr><td style="text-align:justify">ĐẶC TÍNH</td><td style="text-align:justify">Mùi hương nhẹ nhàng, dịu ngọt</td></tr><tr><td style="text-align:justify">BẢO HÀNH</td><td style="text-align:justify">1 ĐỔI 1 trong vòng 1 THÁNG nếu có lỗi kỹ thuật</td></tr></tbody></table><h2 style="text-align: justify;">&nbsp;</h2><h2 style="text-align: justify;"><span style="color:#f39c12"><strong>MÔ TẢ SẢN PHẨM TRẦM HƯƠNG CẢNH SƠN HỒNG</strong></span></h2><div>&nbsp;</div><p style="text-align: center"><img src="//file.hstatic.net/200000591825/file/tc4-2_a927dbbf2fbf4550a1930103a428d9bc_grande.jpg"></p><p style="text-align: justify;">&nbsp;</p><p style="text-align: justify;"><strong>Trầm Hương cảnh&nbsp;Sơn Hồng</strong>&nbsp;được sản xuất từ gỗ trầm hương thiên nhiên 100% với mùi thơm thoang thoảng, dịu nhẹ. Qua đôi bàn tay khéo léo của người nghệ nhân lành nghề, những khối trầm cảnh được tạo hình vô cùng bắt mắt và độc đáo.</p><p style="text-align: justify;">&nbsp;</p><p style="text-align: justify;">Trầm Hương rừng thiên nhiên trưng bầy trong nhà bảo vệ gia chủ khỏi các tai nạn và xui xẻo. Ngoài ra trưng bầy trầm hương trong nhà sẽ không bị ảnh hưởng bởi âm khí hóa giải được tiểu nhân ám hại .</p><p style="text-align: justify;">&nbsp;</p><p style="text-align: justify;">Trầm cảnh ngày càng được nhiều người “yêu trầm” tìm mua để trang trí hay làm quà tặng phong thuỷ ý nghĩa. Nghệ thuật thưởng Trầm sang trọng, quý phái thể hiện đẳng cấp của người chơi Trầm.</p><p style="text-align: justify;">&nbsp;</p><h2 style="text-align: justify;"><span style="color:#f39c12"><strong>CÔNG DỤNG CỦA TRẦM HƯƠNG CẢNH SƠN HỒNG</strong></span></h2><p style="text-align: justify;">&nbsp;</p><p style="text-align: justify;">Việc đặt một khối trầm hương cảnh trong nhà với hương thơm nhẹ nhàng, tinh tế và thoang thoảng chính là giải pháp giải tỏa căng thẳng hiệu quả.&nbsp;Nếu đặt trầm cảnh trong gia đình, các thành viên đoàn kết và hòa thuận mang đến không gian thoải mái nhất cho cả nhà.&nbsp;</p><p style="text-align: justify;">&nbsp;</p><p style="text-align: justify;">Trầm cảnh cũng có tác dụng thu hút năng lượng tích cực, chiêu tài, rước lộc và mang đến may mắn cho gia chủ. Từ đó, trầm cảnh cũng có tác dụng hỗ trợ con đường sự nghiệp thăng hoa và việc buôn bán thuận lợi hơn bao giờ hết.</p><p style="text-align: justify;">&nbsp;</p><p style="text-align: justify;">Ngoài ra, Trầm Hương cảnh còn có tác dụng cao trong việc loại bỏ khí độc, thanh lọc không khí. Từ đó mang lại một không khí trong lành, bảo vệ cơ thể con người khỏi những ảnh hưởng xấu từ môi trường.</p><p style="text-align: justify;">&nbsp;</p><h2 style="text-align: justify;"><span style="color:#f39c12"><strong>VỊ TRÍ ĐẶT TRẦM CẢNH ĐỂ HỢP PHONG THUỶ</strong></span></h2><p style="text-align: justify;">&nbsp;</p><p style="text-align: justify;">Vì là vật linh thiêng nên cũng có quan niệm rằng nên đặt trầm cảnh ở những nơi thần tiên vào nhà hoặc ở cửa chính.</p><p style="text-align: justify;">&nbsp;</p><p style="text-align: justify;"><strong>VỀ TRẦM HƯƠNG VIỆT NAM</strong></p><p style="text-align: justify;">Gỗ trầm hương Việt Nam được giới chuyên gia về trầm đánh giá rất cao trên thế giới về mùi hương, cũng như chất lượng nhờ vào điều kiện khí hậu &amp; thổ nhưỡng đặc trưng của rừng rậm nhiệt đới, nơi mà cây trầm phát triển và tạo trầm tốt nhất. Trầm Hương Việt Nam thường sinh trưởng tại các khu rừng rậm nhiệt đới ở Quảng Nam, Tây Nguyên, Phú Quốc,.. nơi cho ra trầm tốt nhất thế giới.&nbsp;</p><p style="text-align: justify;">&nbsp;</p><p style="text-align: justify;"><strong>GIỚI THIỆU VỀ&nbsp; TRẦM HƯƠNG SƠN HỒNG</strong></p><p style="text-align: justify;">Đối với bạn trầm hương là sự may mắn, đối với Sơn Hồng, trầm hương là tâm huyết của gia đình chúng tôi. Với hơn 30 năm làm trầm, chúng tôi hiểu giá trị của Trầm Hương và mong muốn mang trầm hương Việt đến với người Việt cùng với lời chúc về sự thịnh vượng và may mắn trong cuộc sống.</p><p style="text-align: justify;">&nbsp;</p><p style="text-align: justify;"><strong>CHÚNG TÔI CAM KẾT</strong></p><p style="text-align: justify;">- Nguồn gốc đúng: Trầm Hương Việt Nam được giới chuyên về trầm đánh giá tốt nhất thế giới về mùi thơm cũng như chất lượng.</p><p style="text-align: justify;">- Đúng &amp; đủ tuổi trầm như đã công bố: Chúng tôi cam kết sử dụng đúng loại trầm có số tuổi như đã công bố trên từng sản phẩm.&nbsp;</p><p style="text-align: justify;">- 100% sử dụng nguyên liệu tự nhiên: Chúng tôi không sử dụng bất kỳ hoá chất tạo màu hoặc tạo mùi nào trong tất cả các sản phẩm về trầm hương của Sơn Hồng.</p><p>&nbsp;</p>',
  NULL,
  'TRẦM HƯƠNG CẢNH - MẪU 21',
  'Trầm Hương cảnh Sơn Hồng được sản xuất từ gỗ trầm hương thiên nhiên 100% với mùi thơm thoang thoảng, dịu nhẹ. Qua đôi bàn tay khéo léo của người nghệ nhân lành nghề, những khối trầm cảnh được tạo hình vô cùng bắt mắt và độc đáo.',
  'TRẦM HƯƠNG SƠN HỒNG',
  'Khác',
  ARRAY['trầm hương cảnh', 'trầm cảnh'],
  'published',
  '2022-12-31T18:26:06+07:00'::timestamp,
  '2022-12-31T18:26:29+07:00'::timestamp
) ON CONFLICT (haravan_product_id) DO NOTHING;

INSERT INTO product_variants (
  product_id, haravan_variant_id, option1_name, option1_value,
  option2_name, option2_value, option3_name, option3_value,
  price, compare_at_price, sku, barcode, weight, inventory_quantity,
  inventory_policy, track_inventory, requires_shipping, taxable,
  unit, base_unit, conversion_rate, sell_by_unit
) VALUES (
  (SELECT id FROM products WHERE haravan_product_id = '1044277788'),
  '1097485008',
  'Title', 'Trầm hương cảnh mẫu 21',
  NULL, NULL,
  NULL, NULL,
  10000000, NULL,
  NULL, NULL,
  2000, 1,
  'deny', true,
  true, true,
  NULL, NULL,
  NULL, false
) ON CONFLICT (haravan_variant_id) DO NOTHING;

INSERT INTO product_images (product_id, url, alt_text_vi, position, is_primary)
VALUES (
  (SELECT id FROM products WHERE haravan_product_id = '1044277788'),
  'https://product.hstatic.net/200000591825/product/tc4-1_07acd0df1ba54f2bb23d70a084fc9a80.jpg',
  NULL,
  1,
  true
);

INSERT INTO product_images (product_id, url, alt_text_vi, position, is_primary)
VALUES (
  (SELECT id FROM products WHERE haravan_product_id = '1044277788'),
  'https://product.hstatic.net/200000591825/product/tc4-2_20578fb403064c2d86fc0e485f7a3f82.jpg',
  NULL,
  2,
  false
);


-- Product: TRẦM HƯƠNG CẢNH - MẪU 22
INSERT INTO products (
  haravan_product_id, name_vi, slug, description_vi, excerpt_vi,
  seo_title_vi, seo_description_vi, brand, product_type, tags, status,
  haravan_created_at, haravan_updated_at
) VALUES (
  '1044277802',
  'TRẦM HƯƠNG CẢNH - MẪU 22',
  'tram-huong-canh-mau-22',
  '<h1 style="text-align: center;"><strong>TRẦM HƯƠNG CẢNH - MẪU 22</strong></h1><p style="text-align: justify;">&nbsp;</p><p style="text-align: justify;"><strong>THÔNG TIN SẢN PHẨM</strong></p><table border="1" cellspacing="1" cellpadding="1" style="width:700px"><tbody><tr><td style="text-align:justify">KÍCH THƯỚC</td><td style="text-align:justify">&nbsp;</td></tr><tr><td style="text-align:justify">LOẠI TRẦM</td><td style="text-align:justify">Trầm hương tự nhiên</td></tr><tr><td style="text-align:justify">ĐẶC TÍNH</td><td style="text-align:justify">Mùi hương nhẹ nhàng, dịu ngọt</td></tr><tr><td style="text-align:justify">BẢO HÀNH</td><td style="text-align:justify">1 ĐỔI 1 trong vòng 1 THÁNG nếu có lỗi kỹ thuật</td></tr></tbody></table><h2 style="text-align: justify;">&nbsp;</h2><h2 style="text-align: justify;"><span style="color:#f39c12"><strong>MÔ TẢ SẢN PHẨM TRẦM HƯƠNG CẢNH SƠN HỒNG</strong></span></h2><p style="text-align: justify;">&nbsp;</p><p style="text-align: center"><img src="//file.hstatic.net/200000591825/file/tc1-3_e21490d16691440c8493771971ac9dc6_grande.jpg"></p><p style="text-align: justify;">&nbsp;</p><p style="text-align: justify;"><strong>Trầm Hương cảnh&nbsp;Sơn Hồng</strong>&nbsp;được sản xuất từ gỗ trầm hương thiên nhiên 100% với mùi thơm thoang thoảng, dịu nhẹ. Qua đôi bàn tay khéo léo của người nghệ nhân lành nghề, những khối trầm cảnh được tạo hình vô cùng bắt mắt và độc đáo.</p><p style="text-align: justify;">&nbsp;</p><p style="text-align: justify;">Trầm Hương rừng thiên nhiên trưng bầy trong nhà bảo vệ gia chủ khỏi các tai nạn và xui xẻo. Ngoài ra trưng bầy trầm hương trong nhà sẽ không bị ảnh hưởng bởi âm khí hóa giải được tiểu nhân ám hại .</p><p style="text-align: justify;">&nbsp;</p><p style="text-align: justify;">Trầm cảnh ngày càng được nhiều người “yêu trầm” tìm mua để trang trí hay làm quà tặng phong thuỷ ý nghĩa. Nghệ thuật thưởng Trầm sang trọng, quý phái thể hiện đẳng cấp của người chơi Trầm.</p><p style="text-align: justify;">&nbsp;</p><h2 style="text-align: justify;"><span style="color:#f39c12"><strong>CÔNG DỤNG CỦA TRẦM HƯƠNG CẢNH SƠN HỒNG</strong></span></h2><p style="text-align: justify;">&nbsp;</p><p style="text-align: justify;">Việc đặt một khối trầm hương cảnh trong nhà với hương thơm nhẹ nhàng, tinh tế và thoang thoảng chính là giải pháp giải tỏa căng thẳng hiệu quả.&nbsp;Nếu đặt trầm cảnh trong gia đình, các thành viên đoàn kết và hòa thuận mang đến không gian thoải mái nhất cho cả nhà.&nbsp;</p><p style="text-align: justify;">&nbsp;</p><p style="text-align: justify;">Trầm cảnh cũng có tác dụng thu hút năng lượng tích cực, chiêu tài, rước lộc và mang đến may mắn cho gia chủ. Từ đó, trầm cảnh cũng có tác dụng hỗ trợ con đường sự nghiệp thăng hoa và việc buôn bán thuận lợi hơn bao giờ hết.</p><p style="text-align: justify;">&nbsp;</p><p style="text-align: justify;">Ngoài ra, Trầm Hương cảnh còn có tác dụng cao trong việc loại bỏ khí độc, thanh lọc không khí. Từ đó mang lại một không khí trong lành, bảo vệ cơ thể con người khỏi những ảnh hưởng xấu từ môi trường.</p><p style="text-align: justify;">&nbsp;</p><h2 style="text-align: justify;"><span style="color:#f39c12"><strong>VỊ TRÍ ĐẶT TRẦM CẢNH ĐỂ HỢP PHONG THUỶ</strong></span></h2><p style="text-align: justify;">&nbsp;</p><p style="text-align: justify;">Vì là vật linh thiêng nên cũng có quan niệm rằng nên đặt trầm cảnh ở những nơi thần tiên vào nhà hoặc ở cửa chính.</p><p style="text-align: justify;">&nbsp;</p><p style="text-align: justify;"><strong>VỀ TRẦM HƯƠNG VIỆT NAM</strong></p><p style="text-align: justify;">Gỗ trầm hương Việt Nam được giới chuyên gia về trầm đánh giá rất cao trên thế giới về mùi hương, cũng như chất lượng nhờ vào điều kiện khí hậu &amp; thổ nhưỡng đặc trưng của rừng rậm nhiệt đới, nơi mà cây trầm phát triển và tạo trầm tốt nhất. Trầm Hương Việt Nam thường sinh trưởng tại các khu rừng rậm nhiệt đới ở Quảng Nam, Tây Nguyên, Phú Quốc,.. nơi cho ra trầm tốt nhất thế giới.&nbsp;</p><p style="text-align: justify;">&nbsp;</p><p style="text-align: justify;"><strong>GIỚI THIỆU VỀ&nbsp; TRẦM HƯƠNG SƠN HỒNG</strong></p><p style="text-align: justify;">Đối với bạn trầm hương là sự may mắn, đối với Sơn Hồng, trầm hương là tâm huyết của gia đình chúng tôi. Với hơn 30 năm làm trầm, chúng tôi hiểu giá trị của Trầm Hương và mong muốn mang trầm hương Việt đến với người Việt cùng với lời chúc về sự thịnh vượng và may mắn trong cuộc sống.</p><p style="text-align: justify;">&nbsp;</p><p style="text-align: justify;"><strong>CHÚNG TÔI CAM KẾT</strong></p><p style="text-align: justify;">- Nguồn gốc đúng: Trầm Hương Việt Nam được giới chuyên về trầm đánh giá tốt nhất thế giới về mùi thơm cũng như chất lượng.</p><p style="text-align: justify;">- Đúng &amp; đủ tuổi trầm như đã công bố: Chúng tôi cam kết sử dụng đúng loại trầm có số tuổi như đã công bố trên từng sản phẩm.&nbsp;</p><p style="text-align: justify;">- 100% sử dụng nguyên liệu tự nhiên: Chúng tôi không sử dụng bất kỳ hoá chất tạo màu hoặc tạo mùi nào trong tất cả các sản phẩm về trầm hương của Sơn Hồng.</p>',
  NULL,
  'TRẦM HƯƠNG CẢNH - MẪU 22',
  'Trầm Hương cảnh Sơn Hồng được sản xuất từ gỗ trầm hương thiên nhiên 100% với mùi thơm thoang thoảng, dịu nhẹ. Qua đôi bàn tay khéo léo của người nghệ nhân lành nghề, những khối trầm cảnh được tạo hình vô cùng bắt mắt và độc đáo.',
  'TRẦM HƯƠNG SƠN HỒNG',
  'Khác',
  ARRAY['trầm hương cảnh', 'trầm cảnh'],
  'published',
  '2022-12-31T18:29:32+07:00'::timestamp,
  '2022-12-31T18:30:06+07:00'::timestamp
) ON CONFLICT (haravan_product_id) DO NOTHING;

INSERT INTO product_variants (
  product_id, haravan_variant_id, option1_name, option1_value,
  option2_name, option2_value, option3_name, option3_value,
  price, compare_at_price, sku, barcode, weight, inventory_quantity,
  inventory_policy, track_inventory, requires_shipping, taxable,
  unit, base_unit, conversion_rate, sell_by_unit
) VALUES (
  (SELECT id FROM products WHERE haravan_product_id = '1044277802'),
  '1097485023',
  'Title', 'Trầm hương cảnh mẫu 22',
  NULL, NULL,
  NULL, NULL,
  18000000, NULL,
  NULL, NULL,
  3000, 1,
  'deny', true,
  true, true,
  NULL, NULL,
  NULL, false
) ON CONFLICT (haravan_variant_id) DO NOTHING;

INSERT INTO product_images (product_id, url, alt_text_vi, position, is_primary)
VALUES (
  (SELECT id FROM products WHERE haravan_product_id = '1044277802'),
  'https://product.hstatic.net/200000591825/product/tc1-3_60884a39e31a4b1bb16f99825b03618a.jpg',
  NULL,
  1,
  true
);

INSERT INTO product_images (product_id, url, alt_text_vi, position, is_primary)
VALUES (
  (SELECT id FROM products WHERE haravan_product_id = '1044277802'),
  'https://product.hstatic.net/200000591825/product/tc1-2_092863d054ee42ccab08c0160d68cc11.jpg',
  NULL,
  2,
  false
);

INSERT INTO product_images (product_id, url, alt_text_vi, position, is_primary)
VALUES (
  (SELECT id FROM products WHERE haravan_product_id = '1044277802'),
  'https://product.hstatic.net/200000591825/product/tc1-1_4720fecf896f42f5b1f03c430bec76ea.jpg',
  NULL,
  3,
  false
);


-- Product: TRẦM HƯƠNG CẢNH - MẪU 23
INSERT INTO products (
  haravan_product_id, name_vi, slug, description_vi, excerpt_vi,
  seo_title_vi, seo_description_vi, brand, product_type, tags, status,
  haravan_created_at, haravan_updated_at
) VALUES (
  '1044277818',
  'TRẦM HƯƠNG CẢNH - MẪU 23',
  'tram-huong-canh-mau-23',
  '<h1 style="text-align: center;"><span style="color:#f39c12"><strong>TRẦM HƯƠNG CẢNH - MẪU 23</strong></span></h1><p style="text-align: justify;">&nbsp;</p><p style="text-align: justify;"><strong>THÔNG TIN SẢN PHẨM</strong></p><table border="1" cellspacing="1" cellpadding="1" style="width:700px"><tbody><tr><td style="text-align:justify">KÍCH THƯỚC</td><td style="text-align:justify">&nbsp;</td></tr><tr><td style="text-align:justify">LOẠI TRẦM</td><td style="text-align:justify">Trầm hương tự nhiên</td></tr><tr><td style="text-align:justify">ĐẶC TÍNH</td><td style="text-align:justify">Mùi hương nhẹ nhàng, dịu ngọt</td></tr><tr><td style="text-align:justify">BẢO HÀNH</td><td style="text-align:justify">1 ĐỔI 1 trong vòng 1 THÁNG nếu có lỗi kỹ thuật</td></tr></tbody></table><h2 style="text-align: justify;">&nbsp;</h2><h2 style="text-align: justify;"><span style="color:#f39c12"><strong>MÔ TẢ SẢN PHẨM TRẦM HƯƠNG CẢNH SƠN HỒNG</strong></span></h2><p style="text-align: justify;">&nbsp;</p><p style="text-align: center"><img src="//file.hstatic.net/200000591825/file/tc5-3_e137a1bb85d84185811ceee8db6f04f5_grande.jpg"></p><p style="text-align: justify;">&nbsp;</p><p style="text-align: justify;"><strong>Trầm Hương cảnh&nbsp;Sơn Hồng</strong>&nbsp;được sản xuất từ gỗ trầm hương thiên nhiên 100% với mùi thơm thoang thoảng, dịu nhẹ. Qua đôi bàn tay khéo léo của người nghệ nhân lành nghề, những khối trầm cảnh được tạo hình vô cùng bắt mắt và độc đáo.</p><p style="text-align: justify;">&nbsp;</p><p style="text-align: justify;">Trầm Hương rừng thiên nhiên trưng bầy trong nhà bảo vệ gia chủ khỏi các tai nạn và xui xẻo. Ngoài ra trưng bầy trầm hương trong nhà sẽ không bị ảnh hưởng bởi âm khí hóa giải được tiểu nhân ám hại .</p><p style="text-align: justify;">&nbsp;</p><p style="text-align: justify;">Trầm cảnh ngày càng được nhiều người “yêu trầm” tìm mua để trang trí hay làm quà tặng phong thuỷ ý nghĩa. Nghệ thuật thưởng Trầm sang trọng, quý phái thể hiện đẳng cấp của người chơi Trầm.</p><p style="text-align: justify;">&nbsp;</p><h2 style="text-align: justify;"><span style="color:#f39c12"><strong>CÔNG DỤNG CỦA TRẦM HƯƠNG CẢNH SƠN HỒNG</strong></span></h2><p style="text-align: justify;">&nbsp;</p><p style="text-align: justify;">Việc đặt một khối trầm hương cảnh trong nhà với hương thơm nhẹ nhàng, tinh tế và thoang thoảng chính là giải pháp giải tỏa căng thẳng hiệu quả.&nbsp;Nếu đặt trầm cảnh trong gia đình, các thành viên đoàn kết và hòa thuận mang đến không gian thoải mái nhất cho cả nhà.&nbsp;</p><p style="text-align: justify;">&nbsp;</p><p style="text-align: justify;">Trầm cảnh cũng có tác dụng thu hút năng lượng tích cực, chiêu tài, rước lộc và mang đến may mắn cho gia chủ. Từ đó, trầm cảnh cũng có tác dụng hỗ trợ con đường sự nghiệp thăng hoa và việc buôn bán thuận lợi hơn bao giờ hết.</p><p style="text-align: justify;">&nbsp;</p><p style="text-align: justify;">Ngoài ra, Trầm Hương cảnh còn có tác dụng cao trong việc loại bỏ khí độc, thanh lọc không khí. Từ đó mang lại một không khí trong lành, bảo vệ cơ thể con người khỏi những ảnh hưởng xấu từ môi trường.</p><p style="text-align: justify;">&nbsp;</p><h2 style="text-align: justify;"><span style="color:#f39c12"><strong>VỊ TRÍ ĐẶT TRẦM CẢNH ĐỂ HỢP PHONG THUỶ</strong></span></h2><p style="text-align: justify;">&nbsp;</p><p style="text-align: justify;">Vì là vật linh thiêng nên cũng có quan niệm rằng nên đặt trầm cảnh ở những nơi thần tiên vào nhà hoặc ở cửa chính.</p><p style="text-align: justify;">&nbsp;</p><p style="text-align: justify;"><strong>VỀ TRẦM HƯƠNG VIỆT NAM</strong></p><p style="text-align: justify;">Gỗ trầm hương Việt Nam được giới chuyên gia về trầm đánh giá rất cao trên thế giới về mùi hương, cũng như chất lượng nhờ vào điều kiện khí hậu &amp; thổ nhưỡng đặc trưng của rừng rậm nhiệt đới, nơi mà cây trầm phát triển và tạo trầm tốt nhất. Trầm Hương Việt Nam thường sinh trưởng tại các khu rừng rậm nhiệt đới ở Quảng Nam, Tây Nguyên, Phú Quốc,.. nơi cho ra trầm tốt nhất thế giới.&nbsp;</p><p style="text-align: justify;">&nbsp;</p><p style="text-align: justify;"><strong>GIỚI THIỆU VỀ&nbsp; TRẦM HƯƠNG SƠN HỒNG</strong></p><p style="text-align: justify;">Đối với bạn trầm hương là sự may mắn, đối với Sơn Hồng, trầm hương là tâm huyết của gia đình chúng tôi. Với hơn 30 năm làm trầm, chúng tôi hiểu giá trị của Trầm Hương và mong muốn mang trầm hương Việt đến với người Việt cùng với lời chúc về sự thịnh vượng và may mắn trong cuộc sống.</p><p style="text-align: justify;">&nbsp;</p><p style="text-align: justify;"><strong>CHÚNG TÔI CAM KẾT</strong></p><p style="text-align: justify;">- Nguồn gốc đúng: Trầm Hương Việt Nam được giới chuyên về trầm đánh giá tốt nhất thế giới về mùi thơm cũng như chất lượng.</p><p style="text-align: justify;">- Đúng &amp; đủ tuổi trầm như đã công bố: Chúng tôi cam kết sử dụng đúng loại trầm có số tuổi như đã công bố trên từng sản phẩm.&nbsp;</p><p style="text-align: justify;">- 100% sử dụng nguyên liệu tự nhiên: Chúng tôi không sử dụng bất kỳ hoá chất tạo màu hoặc tạo mùi nào trong tất cả các sản phẩm về trầm hương của Sơn Hồng.</p>',
  NULL,
  'TRẦM HƯƠNG CẢNH - MẪU 23',
  'Trầm Hương cảnh Sơn Hồng được sản xuất từ gỗ trầm hương thiên nhiên 100% với mùi thơm thoang thoảng, dịu nhẹ. Qua đôi bàn tay khéo léo của người nghệ nhân lành nghề, những khối trầm cảnh được tạo hình vô cùng bắt mắt và độc đáo.',
  'TRẦM HƯƠNG SƠN HỒNG',
  'Khác',
  ARRAY['trầm hương cảnh', 'trầm cảnh'],
  'published',
  '2022-12-31T18:32:10+07:00'::timestamp,
  '2022-12-31T18:32:29+07:00'::timestamp
) ON CONFLICT (haravan_product_id) DO NOTHING;

INSERT INTO product_variants (
  product_id, haravan_variant_id, option1_name, option1_value,
  option2_name, option2_value, option3_name, option3_value,
  price, compare_at_price, sku, barcode, weight, inventory_quantity,
  inventory_policy, track_inventory, requires_shipping, taxable,
  unit, base_unit, conversion_rate, sell_by_unit
) VALUES (
  (SELECT id FROM products WHERE haravan_product_id = '1044277818'),
  '1097485040',
  'Title', 'Trầm hương cảnh mẫu 23',
  NULL, NULL,
  NULL, NULL,
  60000000, NULL,
  NULL, NULL,
  10000, 1,
  'deny', true,
  true, true,
  NULL, NULL,
  NULL, false
) ON CONFLICT (haravan_variant_id) DO NOTHING;

INSERT INTO product_images (product_id, url, alt_text_vi, position, is_primary)
VALUES (
  (SELECT id FROM products WHERE haravan_product_id = '1044277818'),
  'https://product.hstatic.net/200000591825/product/tc5-1_ee7fbd65394d453abb0f9e044734a2c5.jpg',
  NULL,
  1,
  true
);

INSERT INTO product_images (product_id, url, alt_text_vi, position, is_primary)
VALUES (
  (SELECT id FROM products WHERE haravan_product_id = '1044277818'),
  'https://product.hstatic.net/200000591825/product/tc5-2_73343a9e034b481699215d532db8d3d1.jpg',
  NULL,
  2,
  false
);

INSERT INTO product_images (product_id, url, alt_text_vi, position, is_primary)
VALUES (
  (SELECT id FROM products WHERE haravan_product_id = '1044277818'),
  'https://product.hstatic.net/200000591825/product/tc5-3_3f371b83388e4dcb9a7d53f6c3dd6bbe.jpg',
  NULL,
  3,
  false
);


-- Product: BỘT TRẦM HƯƠNG ĐẶC BIỆT - 50G
INSERT INTO products (
  haravan_product_id, name_vi, slug, description_vi, excerpt_vi,
  seo_title_vi, seo_description_vi, brand, product_type, tags, status,
  haravan_created_at, haravan_updated_at
) VALUES (
  '1044290525',
  'BỘT TRẦM HƯƠNG ĐẶC BIỆT - 50G',
  'bot-tram-huong-dac-biet-50g',
  '<h1 style="text-align: center;"><strong><span style="color:#f39c12">BỘT TRẦM HƯƠNG ĐẶC BIỆT - 50G</span></strong></h1><p style="text-align: justify;">&nbsp;</p><p style="text-align: justify;"><strong>THÔNG TIN CHI TIẾT</strong></p><table cellpadding="0" cellspacing="0" border="1"><tbody><tr><td style="width:182px">Khối lượng</td><td style="width:537px">50g</td></tr><tr><td style="width:182px">Xuất xứ</td><td style="width:537px">Trầm hương Quảng Nam, Việt Nam</td></tr><tr><td style="width:182px">Tuổi trầm</td><td style="width:537px">&nbsp;&gt; 50 năm tuổi&nbsp;</td></tr><tr><td style="width:182px">Công dụng</td><td style="width:537px">Sử dụng để đốt xông nhà, thư giãn, tẩy uế, thanh lọc không khí, ...</td></tr><tr><td style="width:182px">Hướng dẫn sử dụng</td><td style="width:537px"><ul><li>Dùng lư xứ hoặc lư đồng để đốt xông</li><li>Sử dụng lư xông trầm bằng điện</li></ul></td></tr><tr><td style="width:182px">Mùi thơm</td><td style="width:537px">Hương thơm dịu nhẹ và đặc trưng của trầm hương Việt Nam</td></tr><tr><td style="width:182px">Thời gian lưu hương</td><td style="width:537px">Từ 5-7 tiếng&nbsp;</td></tr><tr><td style="width:182px">Lợi ích</td><td style="width:537px">Xông trầm hương miếng không chỉ mang lại lợi ích về phong thủy và tâm linh mà còn rất tốt cho sức khỏe, tinh dầu trầm hương giúp thanh tẩy không gian sống, gia tăng vận khí cho ngôi nhà thu hút may mắn cho gia chủ.&nbsp;</td></tr></tbody></table><h2 style="text-align: justify;">&nbsp;</h2><h2 style="text-align: justify;"><span style="color:#f39c12"><strong>MÔ TẢ BỘT TRẦM HƯƠNG ĐẶC BIỆT SƠN HỒNG</strong></span></h2><p style="text-align: justify;">&nbsp;</p><p style="text-align: justify;"><strong>Bột Trầm Hương đặc biệt của Sơn Hồng </strong>được nghiền từ loại trầm trên 50 năm tuổi. Bột trầm hương có màu sắc đậm hơn loại bình thường. Mùi hương trầm thơm hơn và thích hợp để sử dụng xông đốt lúc thiền định, Yoga,...</p><p style="text-align: justify;">&nbsp;</p><p style="text-align: justify;">Bột trầm hương Sơn Hồng được thu hoạch từ vùng trầm hương Miền Trung chọn lọc kỹ đạt độ tuổi từ 50 năm trở lên cho nên sẽ cho ra chất lượng tốt hơn, thơm hơn.</p><p style="text-align: justify;">&nbsp;</p><h2 style="text-align: justify;"><strong><span style="color:#f39c12">XÔNG ĐỐT TRẦM HƯƠNG CÓ TÁC DỤNG GÌ?&nbsp;</span></strong></h2><div>&nbsp;</div><p style="text-align: justify;">Tương truyền trầm hương là nơi tích tụ linh khí của thiên nhiên đất trời, mang trong mình nhiều giá trị:</p><ul><li><p style="text-align: justify;">Về y học: xông đốt trầm hương miếng có tác dụng làm an thần, tinh thần thư giãn, thoải mái. Hương thơm tỏa ra có công dụng làm giảm các bệnh đau nửa đầu, khó thở,… Xông trầm hương giúp tăng dương khí, tạo ra môi trường kiềm hạn chế sự phát triển của các loại vi khuẩn trong không gian sống.</p></li><li><p style="text-align: justify;">Trầm hương có hương thơm thanh tao, nhẹ nhàng phù hợp với ai ưa thích tập yoga, thiền định, trà đạo,…giúp thanh tâm an tịnh và minh mẫn.&nbsp;</p></li><li><p style="text-align: justify;">Ngoài ra trầm hương miếng còn có ý nghĩa tâm linh và phong thủy vô cùng đặc biệt. Về phong thủy, dùng trầm hương sẽ tăng dương khí không gian sống và cũng gia tăng vận khí cho gia chủ. Trong nghi lễ tôn giáo, trầm hương được sử dụng để tỏ lòng thành kính, gửi gắm những ước nguyện chân thành.</p></li><li><p style="text-align: justify;">Xông trầm hương tại nơi ở, nơi làm việc sẽ khử mùi ẩm mốc, giảm virus, vi khuẩn tạo không khí thoải mái, dễ chịu.</p><p style="text-align: justify;">&nbsp;</p></li></ul><h2 style="text-align: justify;"><span style="color:#f39c12"><strong>CÁCH SỬ DỤNG BỘT TRẦM HƯƠNG SƠN HỒNG</strong></span></h2><div>&nbsp;</div><p style="text-align: justify;"><strong>Cách 1: </strong>đốt trầm trực tiếp bằng lư đốt trầm</p><p style="text-align: justify;">Sử dụng lư xứ bằng gốm hoặc đồng. Sau đó bỏ bột&nbsp;trầm lên trên than đã được làm nóng, bỏ lượng vừa đủ để bột trầm cháy âm ỉ</p><p style="text-align: justify;">Lưu ý:&nbsp; chỉ để than cháy âm ỉ để trầm hương không cháy với lửa lớn bởi khi đó trầm sẽ khét, không còn mùi thơm.</p><p style="text-align: justify;"><strong>Cách 2: </strong>Đốt bột trầm hương bằng&nbsp;lư xông trầm bằng điện</p><p style="text-align: justify;">Dùng lư hương bằng gốm có tráng men kết hợp dùng điện để làm nóng trầm hương. Cho bột trầm hương vào lư, điều chỉnh nhiệt độ và thời gian thích hợp rồi cắm điện và chờ đợi khoảng 3-5 phút, sau đó có thể giảm nhiệt độ.</p><p style="text-align: justify;">Nếu bạn không thích có quá nhiều khói thì việc sử dụng lư xông bằng điện sẽ khá tiện dụng, vì lư xông điện có khả năng kiểm soát nhiệt độ nên hương trầm sẽ tỏa đều không gian, không tạo khói than, không tạo ra lửa, thời gian sử dụng lâu hơn.&nbsp;</p><p style="text-align: justify;">Lu ý: do lò không có tác dụng cách nhiệt nên không nên tiếp xúc trực tiếp dễ gây bỏng và tránh để trẻ em lại gần.</p><p style="text-align: justify;">&nbsp;</p><p style="text-align: justify;"><strong>GIỚI THIỆU VỀ&nbsp; TRẦM HƯƠNG SƠN HỒNG</strong></p><p style="text-align: justify;">Đối với bạn trầm hương là sự may mắn, đối với Sơn Hồng, trầm hương là tâm huyết của gia đình chúng tôi. Với hơn 30 năm làm trầm, chúng tôi hiểu giá trị của Trầm Hương và mong muốn mang trầm hương Việt đến với người Việt cùng với lời chúc về sự thịnh vượng và may mắn trong cuộc sống.</p><p style="text-align: justify;"><br>&nbsp;</p>',
  NULL,
  'BỘT TRẦM HƯƠNG ĐẶC BIỆT - 50G',
  'Bột Trầm Hương đặc biệt của Sơn Hồng được nghiền từ loại trầm trên 50 năm tuổi. Bột trầm hương có màu sắc đậm hơn loại bình thường. Mùi hương trầm thơm hơn và thích hợp để sử dụng xông đốt lúc thiền định, Yoga,...',
  'TRẦM HƯƠNG SƠN HỒNG',
  'Trầm hương xông đốt',
  ARRAY['Bột trầm'],
  'published',
  '2023-01-01T23:52:53+07:00'::timestamp,
  '2023-01-01T23:53:26+07:00'::timestamp
) ON CONFLICT (haravan_product_id) DO NOTHING;

INSERT INTO product_variants (
  product_id, haravan_variant_id, option1_name, option1_value,
  option2_name, option2_value, option3_name, option3_value,
  price, compare_at_price, sku, barcode, weight, inventory_quantity,
  inventory_policy, track_inventory, requires_shipping, taxable,
  unit, base_unit, conversion_rate, sell_by_unit
) VALUES (
  (SELECT id FROM products WHERE haravan_product_id = '1044290525'),
  '1097510257',
  'Title', 'Bột trầm hương đặc biệt 50g',
  NULL, NULL,
  NULL, NULL,
  2000000, NULL,
  NULL, NULL,
  50, 20,
  'deny', true,
  true, true,
  NULL, NULL,
  NULL, false
) ON CONFLICT (haravan_variant_id) DO NOTHING;

INSERT INTO product_images (product_id, url, alt_text_vi, position, is_primary)
VALUES (
  (SELECT id FROM products WHERE haravan_product_id = '1044290525'),
  'https://product.hstatic.net/200000591825/product/bot3_9ff0912c4d724e69be2451917292c841.jpg',
  NULL,
  1,
  true
);

INSERT INTO product_images (product_id, url, alt_text_vi, position, is_primary)
VALUES (
  (SELECT id FROM products WHERE haravan_product_id = '1044290525'),
  'https://product.hstatic.net/200000591825/product/bot2_9d98be08b9ee450cb1b4188efab6b37f.jpg',
  NULL,
  2,
  false
);

INSERT INTO product_images (product_id, url, alt_text_vi, position, is_primary)
VALUES (
  (SELECT id FROM products WHERE haravan_product_id = '1044290525'),
  'https://product.hstatic.net/200000591825/product/bot4_82ea46383ba1438b89be83f3a5a708b7.jpg',
  NULL,
  3,
  false
);

INSERT INTO product_images (product_id, url, alt_text_vi, position, is_primary)
VALUES (
  (SELECT id FROM products WHERE haravan_product_id = '1044290525'),
  'https://product.hstatic.net/200000591825/product/bot6_e1d9ccb574b2452db4b7bc9cd1882ef4.jpg',
  NULL,
  4,
  false
);


-- Product: VÒNG TRẦM HƯƠNG ĐỐT TRÚC RỤC
INSERT INTO products (
  haravan_product_id, name_vi, slug, description_vi, excerpt_vi,
  seo_title_vi, seo_description_vi, brand, product_type, tags, status,
  haravan_created_at, haravan_updated_at
) VALUES (
  '1044290543',
  'VÒNG TRẦM HƯƠNG ĐỐT TRÚC RỤC',
  'vong-tram-huong-dot-truc-ruc',
  '<h1 style="text-align: center;"><span style="color:#f39c12"><strong>VÒNG TRẦM HƯƠNG ĐỐT TRÚC RỤC</strong></span></h1><p style="text-align: justify;">&nbsp;</p><p style="text-align: justify;"><strong>THÔNG TIN SẢN PHẨM</strong></p><table border="1" cellspacing="1" cellpadding="1"><tbody><tr><td style="width:129px">SỐ HẠT</td><td style="width:583px">9 đốt và 9 hạt</td></tr><tr><td style="width:129px">KÍCH THƯỚC</td><td style="width:583px">&nbsp;</td></tr><tr><td style="width:129px">LOẠI TRẦM</td><td style="width:583px">Trầm hương rục cao cấp</td></tr><tr><td style="width:129px">ĐẶC TÍNH</td><td style="width:583px">Hương thơm dịu nhẹ, ngọt thanh</td></tr><tr><td style="width:129px">BỘ SẢN PHẨM GỒM</td><td style="width:583px">- 01 Vòng Trầm hương đốt trúc rục&nbsp;<br>- 01 Hộp gấm bảo quản vòng<br>- 01 Thẻ Bảo Hành</td></tr><tr><td style="width:129px">BẢO HÀNH</td><td style="width:583px">1 ĐỔI 1 trong vòng 1 THÁNG nếu có lỗi kỹ thuật</td></tr><tr><td style="width:129px">SỬ DỤNG</td><td style="width:583px">Quà tặng bạn bè, người thân, đối tác làm ăn,.. mang lại may mắn, bình an, tài lộc và thịnh vượng, phát đạt</td></tr><tr><td style="width:129px">CÁCH BẢO QUẢN VÒNG</td><td style="width:583px">Nên để vòng vào lọ thuỷ tinh (tốt nhất là có sẵn một ít bột trầm để hút ẩm và giữ hương thơm bền). Sau khi đeo một thời gian dây sẽ giảm mùi thơm, khi bỏ lại vào hũ thuỷ tinh để dưỡng hương thì vòng sẽ thơm lại một cách tự nhiên</td></tr></tbody></table><p>&nbsp;</p><h2 style="text-align: justify;"><span style="color:#f39c12"><strong>MÔ TẢ SẢN PHẨM VÒNG TRẦM HƯƠNG ĐỐT TRÚC RỤC</strong></span></h2><div>&nbsp;</div><p style="text-align: center"><img src="//file.hstatic.net/200000591825/file/truc2_24b2937f467a4c49affdb06c31ed83d6_grande.jpg"></p><p style="text-align: justify;">&nbsp;</p><p style="text-align: justify;"><strong>Vòng Trầm Hương Trúc rục Sơn Hồng</strong> mang vẻ đẹp cổ điển và sang trọng tôn lên sự mạnh mẽ, quyết đoán, dẻo dai, vững bền và rắn rỏi của người đàn ông.</p><p style="text-align: justify;">&nbsp;</p><p style="text-align: justify;">Vòng tay Trầm Hương Đốt trúc Sơn Hồng được làm từ gỗ trầm hương rục.&nbsp;Khác với các loại trầm khác, trầm hương rục thường được tìm thấy trong phần đất đá tận rừng sâu. Sở dĩ chúng được gọi là trầm rục vì thường được tìm thấy trong đống gỗ Dó Bầu đã bị mục ruỗm.&nbsp;Loại trầm này rất quý hiếm và khó kiếm nên không được phổ biến trên thị trường.&nbsp;</p><p style="text-align: justify;">&nbsp;</p><h2><span style="color:#f39c12"><strong>Ý NGHĨA CỦA VÒNG TAY&nbsp;ĐỐT TRÚC</strong></span></h2><p>&nbsp;</p><p>Trúc Đơn gắn liền với hình ảnh cây trúc – một loài cây quen thuộc với cuộc sống, đã trở thành một biểu tượng cho khí chất thanh cao của con người. Trúc là biểu tượng của người quân tử bởi loài cây này tuy cứng cáp mà vẫn dẻo dai, đổ mà không gãy, rỗng ruột tượng trưng cho sự rắn rỏi, kiên cường của con người trước bao nhiêu bão tố, phong ba, nhưng tâm hồn vẫn an nhiên, tự tại, không chạy theo quyền uy, vật chất.</p><p style="text-align: justify;">&nbsp;</p><h2 style="text-align: justify;"><span style="color:#f39c12"><strong>CÔNG DỤNG CỦA VÒNG TRẦM HƯƠNG&nbsp;</strong></span></h2><p style="text-align: justify;">&nbsp;</p><p style="text-align: justify;">Vòng Trầm Hương Đốt Trúc rục mang đến cho người đeo vẻ đẹp nguyên sơ và vô cùng đẳng cấp. Không chỉ vậy, khi đeo chúng còn mang lại sự thanh thản, trí tuệ về cảm xúc cho nơi làm việc và trong cuộc sống.&nbsp;</p><p style="text-align: justify;">&nbsp;</p><p style="text-align: justify;">Đeo một chiếc vòng tay bên tay trái trong các buổi họp, buổi đấu thầu, hội nghị quan trọng sẽ giúp gia chủ gặp rủi hóa may, đạt được sự thuận lợi.</p><p style="text-align: justify;">&nbsp;</p><p style="text-align: justify;"><strong>VỀ TRẦM HƯƠNG VIỆT NAM</strong></p><p style="text-align: justify;">Gỗ trầm hương Việt Nam được giới chuyên gia về trầm đánh giá rất cao trên thế giới về mùi hương, cũng như chất lượng nhờ vào điều kiện khí hậu &amp; thổ nhưỡng đặc trưng của rừng rậm nhiệt đới, nơi mà cây trầm phát triển và tạo trầm tốt nhất. Trầm Hương Việt Nam thường sinh trưởng tại các khu rừng rậm nhiệt đới ở Quảng Nam, Tây Nguyên, Phú Quốc,.. nơi cho ra trầm tốt nhất thế giới.&nbsp;</p><p style="text-align: justify;">&nbsp;</p><p style="text-align: justify;"><strong>GIỚI THIỆU VỀ&nbsp; TRẦM HƯƠNG SƠN HỒNG</strong></p><p style="text-align: justify;">Đối với bạn trầm hương là sự may mắn, đối với Sơn Hồng, trầm hương là tâm huyết của gia đình chúng tôi. Với hơn 30 năm làm trầm, chúng tôi hiểu giá trị của Trầm Hương và mong muốn mang trầm hương Việt đến với người Việt cùng với lời chúc về sự thịnh vượng và may mắn trong cuộc sống.</p><p style="text-align: justify;">&nbsp;</p><p style="text-align: justify;"><strong>CHÚNG TÔI CAM KẾT</strong></p><p style="text-align: justify;">- Nguồn gốc đúng: Trầm Hương Việt Nam được giới chuyên về trầm đánh giá tốt nhất thế giới về mùi thơm cũng như chất lượng.</p><p style="text-align: justify;">- Đúng &amp; đủ tuổi trầm như đã công bố: Chúng tôi cam kết sử dụng đúng loại trầm có số tuổi như đã công bố trên từng sản phẩm.&nbsp;</p><p style="text-align: justify;">- 100% sử dụng nguyên liệu tự nhiên: Chúng tôi không sử dụng bất kỳ hoá chất tạo màu hoặc tạo mùi nào trong tất cả các sản phẩm về trầm hương của Sơn Hồng.</p><p style="text-align: justify;">&nbsp;</p><p style="text-align: justify;"><strong>QUY TRÌNH SẢN XUẤT VÒNG TRẦM HƯƠNG SƠN HỒNG</strong></p><p style="text-align: center"><img src="//file.hstatic.net/200000591825/file/qtct-5_b4fc5c3526894490bde30264cf1ee3ae_1024x1024.jpg"></p><p style="text-align: justify;"><br>&nbsp;</p>',
  NULL,
  'VÒNG TRẦM HƯƠNG ĐỐT TRÚC RỤC',
  'Vòng Trầm Hương Trúc rục Sơn Hồng mang vẻ đẹp cổ điển và sang trọng tôn lên sự mạnh mẽ, quyết đoán, dẻo dai, vững bền và rắn rỏi của người đàn ông.',
  'TRẦM HƯƠNG SƠN HỒNG',
  'VÒNG TAY',
  ARRAY['đốt trúc', 'NAM', 'trơn'],
  'published',
  '2023-01-02T00:05:53+07:00'::timestamp,
  '2023-01-02T00:20:10+07:00'::timestamp
) ON CONFLICT (haravan_product_id) DO NOTHING;

INSERT INTO product_variants (
  product_id, haravan_variant_id, option1_name, option1_value,
  option2_name, option2_value, option3_name, option3_value,
  price, compare_at_price, sku, barcode, weight, inventory_quantity,
  inventory_policy, track_inventory, requires_shipping, taxable,
  unit, base_unit, conversion_rate, sell_by_unit
) VALUES (
  (SELECT id FROM products WHERE haravan_product_id = '1044290543'),
  '1097510400',
  'Title', 'Vòng đốt trúc rục',
  NULL, NULL,
  NULL, NULL,
  3800000, NULL,
  NULL, NULL,
  100, 1,
  'deny', true,
  true, true,
  NULL, NULL,
  NULL, false
) ON CONFLICT (haravan_variant_id) DO NOTHING;

INSERT INTO product_images (product_id, url, alt_text_vi, position, is_primary)
VALUES (
  (SELECT id FROM products WHERE haravan_product_id = '1044290543'),
  'https://product.hstatic.net/200000591825/product/truc5_0f6a80ed725a4d62882e832522af8860.jpg',
  NULL,
  1,
  true
);

INSERT INTO product_images (product_id, url, alt_text_vi, position, is_primary)
VALUES (
  (SELECT id FROM products WHERE haravan_product_id = '1044290543'),
  'https://product.hstatic.net/200000591825/product/truc1_e27e4aa121b3427cb8fc935a8bc38b5d.jpg',
  NULL,
  2,
  false
);

INSERT INTO product_images (product_id, url, alt_text_vi, position, is_primary)
VALUES (
  (SELECT id FROM products WHERE haravan_product_id = '1044290543'),
  'https://product.hstatic.net/200000591825/product/truc2_5709d8fcbb374a1f970ca3f98aaebb63.jpg',
  NULL,
  3,
  false
);

INSERT INTO product_images (product_id, url, alt_text_vi, position, is_primary)
VALUES (
  (SELECT id FROM products WHERE haravan_product_id = '1044290543'),
  'https://product.hstatic.net/200000591825/product/truc3_efb43110ffc94f7cbf35cf3608de3db9.jpg',
  NULL,
  4,
  false
);

INSERT INTO product_images (product_id, url, alt_text_vi, position, is_primary)
VALUES (
  (SELECT id FROM products WHERE haravan_product_id = '1044290543'),
  'https://product.hstatic.net/200000591825/product/truc4_b629aa844754467e8b4b1d7f88531a57.jpg',
  NULL,
  5,
  false
);


-- Product: VÒNG TRẦM HƯƠNG TRÒN ĐƠN - TRẦM HƯƠNG 50 TUỔI - 10LI
INSERT INTO products (
  haravan_product_id, name_vi, slug, description_vi, excerpt_vi,
  seo_title_vi, seo_description_vi, brand, product_type, tags, status,
  haravan_created_at, haravan_updated_at
) VALUES (
  '1044290566',
  'VÒNG TRẦM HƯƠNG TRÒN ĐƠN - TRẦM HƯƠNG 50 TUỔI - 10LI',
  'vong-tram-huong-tron-don-tram-huong-50-tuoi-10li',
  '<h1 style="text-align: center;"><strong><span style="color:#f39c12">VÒNG TRẦM HƯƠNG TRÒN ĐƠN&nbsp;</span></strong></h1><p style="text-align: justify;">&nbsp;</p><p style="text-align: justify;"><strong>THÔNG TIN SẢN PHẨM</strong></p><table border="1" cellspacing="1" cellpadding="1"><tbody><tr><td style="width:176px">SỐ HẠT</td><td style="width:536px">19 hạt trầm hương tự nhiên</td></tr><tr><td style="width:176px">KÍCH THƯỚC</td><td style="width:536px">10mm</td></tr><tr><td style="width:176px">LOẠI TRẦM</td><td style="width:536px">Trầm hương tự nhiên 50 năm tuổi</td></tr><tr><td style="width:176px">BỘ SẢN PHẨM GỒM</td><td style="width:536px">- 01 Vòng Trầm hương tròn đơn tự nhiên<br>- 01 Hộp gấm bảo quản vòng<br>- 01 Thẻ Bảo Hành</td></tr><tr><td style="width:176px">BẢO HÀNH</td><td style="width:536px">1 ĐỔI 1 trong vòng 1 THÁNG nếu có lỗi kỹ thuật</td></tr><tr><td style="width:176px">SỬ DỤNG</td><td style="width:536px">Quà tặng bạn bè, người thân, đối tác làm ăn,.. mang lại may mắn, bình an, tài lộc và thịnh vượng, phát đạt</td></tr><tr><td style="width:176px">CÁCH BẢO QUẢN</td><td style="width:536px">Nên để vòng vào lọ thuỷ tinh (tốt nhất là có sẵn một ít bột trầm để hút ẩm và giữ hương thơm bền). Sau khi đeo một thời gian dây sẽ giảm mùi thơm, khi bỏ lại vào hũ thuỷ tinh để dưỡng hương thì vòng sẽ thơm lại một cách tự nhiên</td></tr></tbody></table><h2>&nbsp;</h2><h2><span style="color:#f39c12"><strong>MÔ TẢ SẢN PHẨM VÒNG TRẦM HƯƠNG TRÒN ĐƠN</strong></span></h2><div>&nbsp;</div><p style="text-align: center"><img src="//file.hstatic.net/200000591825/file/tron5_637237b630274f7a953da09e3be971f6_grande.jpg"></p><p style="text-align: justify;">&nbsp;</p><p style="text-align: justify;"><strong>Vòng Trầm Hương tròn đơn 19 hạt</strong> của thương hiệu Trầm Hương Sơn Hồng mang vẻ đẹp cổ điển và sang trọng tôn lên sự mạnh mẽ, quyết đoán, dẻo dai, vững bền và rắn rỏi của người đàn ông.</p><p style="text-align: justify;">&nbsp;</p><p style="text-align: justify;">Chiếc vòng được chế tác khéo léo, tỉ mỉ từ 100% Trầm Hương tự nhiên 50 năm tuổi.&nbsp;Khi đeo vòng trầm hương này, hương trầm sẽ lan tỏa xung quanh người đeo giúp xua đuổi vận tà, đem lại may mắn, hút tài lộc, làm ăn phát đạt.</p><p style="text-align: justify;">&nbsp;</p><h2 style="text-align: justify;"><span style="color:#f39c12"><strong>CÔNG DỤNG CỦA VÒNG TRẦM HƯƠNG&nbsp;</strong></span></h2><p style="text-align: justify;">&nbsp;</p><p style="text-align: justify;">Vòng Trầm Hương tròn đơn Sơn Hồng mang đến cho người đeo vẻ đẹp nguyên sơ và vô cùng đẳng cấp. Không chỉ vậy, khi đeo chúng còn mang lại sự thanh thản, trí tuệ về cảm xúc cho nơi làm việc và trong cuộc sống.&nbsp;</p><p style="text-align: justify;">&nbsp;</p><p style="text-align: justify;">Đeo một chiếc vòng tay bên tay trái trong các buổi họp, buổi đấu thầu, hội nghị quan trọng sẽ giúp gia chủ gặp rủi hóa may, đạt được sự thuận lợi.</p><p style="text-align: justify;">&nbsp;</p><p style="text-align: justify;"><strong>VỀ TRẦM HƯƠNG VIỆT NAM</strong></p><p style="text-align: justify;">Gỗ trầm hương Việt Nam được giới chuyên gia về trầm đánh giá rất cao trên thế giới về mùi hương, cũng như chất lượng nhờ vào điều kiện khí hậu &amp; thổ nhưỡng đặc trưng của rừng rậm nhiệt đới, nơi mà cây trầm phát triển và tạo trầm tốt nhất. Trầm Hương Việt Nam thường sinh trưởng tại các khu rừng rậm nhiệt đới ở Quảng Nam, Tây Nguyên, Phú Quốc,.. nơi cho ra trầm tốt nhất thế giới.&nbsp;</p><p style="text-align: justify;">&nbsp;</p><p style="text-align: justify;"><strong>GIỚI THIỆU VỀ&nbsp; TRẦM HƯƠNG SƠN HỒNG</strong></p><p style="text-align: justify;">Đối với bạn trầm hương là sự may mắn, đối với Sơn Hồng, trầm hương là tâm huyết của gia đình chúng tôi. Với hơn 30 năm làm trầm, chúng tôi hiểu giá trị của Trầm Hương và mong muốn mang trầm hương Việt đến với người Việt cùng với lời chúc về sự thịnh vượng và may mắn trong cuộc sống.</p><p style="text-align: justify;">&nbsp;</p><p style="text-align: justify;"><strong>CHÚNG TÔI CAM KẾT</strong></p><p style="text-align: justify;">- Nguồn gốc đúng: Trầm Hương Việt Nam được giới chuyên về trầm đánh giá tốt nhất thế giới về mùi thơm cũng như chất lượng.</p><p style="text-align: justify;">- Đúng &amp; đủ tuổi trầm như đã công bố: Chúng tôi cam kết sử dụng đúng loại trầm có số tuổi như đã công bố trên từng sản phẩm.&nbsp;</p><p style="text-align: justify;">- 100% sử dụng nguyên liệu tự nhiên: Chúng tôi không sử dụng bất kỳ hoá chất tạo màu hoặc tạo mùi nào trong tất cả các sản phẩm về trầm hương của Sơn Hồng.</p><p style="text-align: justify;">&nbsp;</p><p style="text-align: justify;"><strong>QUY TRÌNH SẢN XUẤT VÒNG TRẦM HƯƠNG SƠN HỒNG</strong><br>&nbsp;</p><p style="text-align: center"><img src="//file.hstatic.net/200000591825/file/qtct-5_b4fc5c3526894490bde30264cf1ee3ae_1024x1024.jpg"></p><p>&nbsp;</p>',
  NULL,
  'VÒNG TRẦM HƯƠNG TRÒN ĐƠN - TRẦM HƯƠNG 50 TUỔI - 10LI',
  'VÒNG TRẦM HƯƠNG TRÒN ĐƠN  THÔNG TIN SẢN PHẨMSỐ HẠT19 hạt trầm hương tự nhiênKÍCH THƯỚC10mmLOẠI TRẦMTrầm hương tự nhiên 50 năm tuổiBỘ SẢN PHẨM GỒM- 01 Vòng Trầm hương tròn đơn tự nhiên- 01 Hộp gấm bảo quản vòng- 01 Thẻ Bảo HànhBẢO HÀNH1 ĐỔI 1 trong vòng 1 THÁNG nếu có lỗi kỹ thuậtSỬ DỤNGQuà tặng bạn bè, người thân, đối',
  'TRẦM HƯƠNG SƠN HỒNG',
  'VÒNG TAY',
  ARRAY['50 năm', 'trơn', 'NAM'],
  'published',
  '2023-01-02T00:19:15+07:00'::timestamp,
  '2023-01-02T00:19:48+07:00'::timestamp
) ON CONFLICT (haravan_product_id) DO NOTHING;

INSERT INTO product_variants (
  product_id, haravan_variant_id, option1_name, option1_value,
  option2_name, option2_value, option3_name, option3_value,
  price, compare_at_price, sku, barcode, weight, inventory_quantity,
  inventory_policy, track_inventory, requires_shipping, taxable,
  unit, base_unit, conversion_rate, sell_by_unit
) VALUES (
  (SELECT id FROM products WHERE haravan_product_id = '1044290566'),
  '1097510571',
  'Title', 'vòng tròn đơn 50 năm 10 li',
  NULL, NULL,
  NULL, NULL,
  2800000, NULL,
  NULL, NULL,
  100, 10,
  'deny', true,
  true, true,
  NULL, NULL,
  NULL, false
) ON CONFLICT (haravan_variant_id) DO NOTHING;

INSERT INTO product_images (product_id, url, alt_text_vi, position, is_primary)
VALUES (
  (SELECT id FROM products WHERE haravan_product_id = '1044290566'),
  'https://product.hstatic.net/200000591825/product/tron3_18d6017f32b54632b64f076436eb0b80.jpg',
  NULL,
  1,
  true
);

INSERT INTO product_images (product_id, url, alt_text_vi, position, is_primary)
VALUES (
  (SELECT id FROM products WHERE haravan_product_id = '1044290566'),
  'https://product.hstatic.net/200000591825/product/tron2_4c36e350620f4a738f40a17de49a87ac.jpg',
  NULL,
  2,
  false
);

INSERT INTO product_images (product_id, url, alt_text_vi, position, is_primary)
VALUES (
  (SELECT id FROM products WHERE haravan_product_id = '1044290566'),
  'https://product.hstatic.net/200000591825/product/tron1_dd204853b9d249f98319b918886ca56a.jpg',
  NULL,
  3,
  false
);

INSERT INTO product_images (product_id, url, alt_text_vi, position, is_primary)
VALUES (
  (SELECT id FROM products WHERE haravan_product_id = '1044290566'),
  'https://product.hstatic.net/200000591825/product/tron5_421f728f9e014fd4a303ffc961b18362.jpg',
  NULL,
  4,
  false
);


-- Product: VÒNG TRẦM HƯƠNG LỤC LẠC BẠC DÀNH CHO BÉ
INSERT INTO products (
  haravan_product_id, name_vi, slug, description_vi, excerpt_vi,
  seo_title_vi, seo_description_vi, brand, product_type, tags, status,
  haravan_created_at, haravan_updated_at
) VALUES (
  '1044297227',
  'VÒNG TRẦM HƯƠNG LỤC LẠC BẠC DÀNH CHO BÉ',
  'vong-tram-huong-tu-nhien-danh-cho-be-mau-1',
  '<h1 style="text-align: center;"><span style="color:#f39c12"><strong>VÒNG TRẦM HƯƠNG LỤC LẠC BẠC DÀNH CHO BÉ</strong></span></h1><p>&nbsp;</p><p><strong>THÔNG TIN CHI TIẾT</strong></p><table border="1" cellspacing="1" cellpadding="1"><tbody><tr><td>SỐ HẠT</td><td>21 hạt trầm hương tự nhiên</td></tr><tr><td>KÍCH THƯỚC</td><td>&nbsp;</td></tr><tr><td>LOẠI TRẦM</td><td>Trầm hương tự nhiên 50 tuổi</td></tr><tr><td>LOẠI CHARM</td><td>Các loại charm bạc (bạc Thái)</td></tr><tr><td>BỘ SẢN PHẨM GỒM</td><td>- 01 vòng trầm hương cho bé<br>- 01 hộp gấm bảo quản vòng<br>- 01 thẻ bảo hành</td></tr><tr><td>BẢO HÀNH</td><td>1 ĐỔI 1 trong vòng 1 THÁNG nếu có lỗi kỹ thuật</td></tr><tr><td>CÁCH ĐEO</td><td>Đeo tay cho các bé từ 5 - 12 tuổi hoặc đeo thành lắc chân cho các bé nhỏ tuổi hơn</td></tr></tbody></table><p>&nbsp;</p><h2><span style="color:#f39c12"><strong>MÔ TẢ SẢN PHẨM VÒNG TRẦM HƯƠNG DÀNH CHO BÉ</strong></span></h2><div>&nbsp;</div><p style="text-align: center;"><img src="https://file.hstatic.net/200000591825/file/em_be_8_aba04483bc2147319482c1463c74d3da_grande.jpg"></p><p>&nbsp;</p><p><strong>Vòng Trầm hương Lục Lạc bạc&nbsp;dành cho bé </strong>của Sơn Hồng là chiếc vòng tay được thiết kế với kích thước nhỏ và nhẹ nhàng. Chiếc vòng rất thích hợp với những bé từ 5 đến 12 tuổi. Hoặc cũng có thể làm lắc chân cho các bé nhỏ tuổi hơn.&nbsp;</p><p>&nbsp;</p><p>Chiếc vòng là sự kết hợp hoàn hảo của gỗ Trầm hương tự nhiên 50&nbsp;năm tuổi cùng các loại charm bạc với nhiều hình tượng khác nhau. Vòng tay thường được xâu chuỗi từ 17-21 hạt trầm. Số hạt sẽ được chọn dựa trên quy tắc của vòng luân hồi “sinh – lão – bệnh – tử” nhằm đem lại may mắn cho người đeo.&nbsp;</p><p>&nbsp;</p><p>Vòng Trầm hương Sơn Hồng nếu đeo trên người các bé sẽ giúp xua tan đi tà khí, hóa giải điềm xấu. Từ đó mang lại may mắn, vận mệnh cũng từ đó mà tốt hơn. Bên cạnh đó bạc kị gió, sẽ&nbsp; giúp các bé tránh được gió độc nhập vào người.&nbsp;</p><p>&nbsp;</p><h2><strong><span style="color:#f39c12">CÔNG DỤNG CỦA VÒNG TRẦM HƯƠNG CHO BÉ</span></strong></h2><div>&nbsp;</div><p>Trầm hương có tính dương mạnh, chính vì vậy, khi đeo trên người sẽ giúp cơ thể được giữ ấm, tránh gió điều hòa khí huyết cho cơ thể. Mùi hương thơm dịu nhẹ, dễ chịu giúp bé có giấc ngủ được ngon hơn, bình an hơn. Ngoài ra khi đeo vòng tay trầm hương cho bé giúp xua đuổi tà ma, khí âm xấu đeo bám trẻ.&nbsp;</p><p>&nbsp;</p><p>Ngoài ra, theo phong thuỷ, vòng trầm hương còn có tác dụng làm cân bằng luồng khí trong cơ thể, tạo cảm giác thoải mái. Từ đó giúp các bé có tính khí ôn hoà hơn, kiềm chế được sự nóng nảy và cáu gắt.</p><p>&nbsp;</p><p><strong>VỀ TRẦM HƯƠNG VIỆT NAM</strong></p><p>Gỗ trầm hương Việt Nam được giới chuyên gia về trầm đánh giá rất cao trên thế giới về mùi hương, cũng như chất lượng nhờ vào điều kiện khí hậu &amp; thổ nhưỡng đặc trưng của rừng rậm nhiệt đới, nơi mà cây trầm phát triển và tạo trầm tốt nhất. Trầm Hương Việt Nam thường sinh trưởng tại các khu rừng rậm nhiệt đới ở Quảng Nam, Tây Nguyên, Phú Quốc,.. nơi cho ra trầm tốt nhất thế giới.&nbsp;</p><p>&nbsp;</p><p><strong>GIỚI THIỆU VỀ&nbsp; TRẦM HƯƠNG SƠN HỒNG</strong></p><p>Đối với bạn trầm hương là sự may mắn, đối với Sơn Hồng, trầm hương là tâm huyết của gia đình chúng tôi. Với hơn 30 năm làm trầm, chúng tôi hiểu giá trị của Trầm Hương và mong muốn mang trầm hương Việt đến với người Việt cùng với lời chúc về sự thịnh vượng và may mắn trong cuộc sống.</p><p>&nbsp;</p><p><strong>CHÚNG TÔI CAM KẾT</strong></p><p>- Nguồn gốc đúng: Trầm Hương Việt Nam được giới chuyên về trầm đánh giá tốt nhất thế giới về mùi thơm cũng như chất lượng.</p><p>- Đúng &amp; đủ tuổi trầm như đã công bố: Chúng tôi cam kết sử dụng đúng loại trầm có số tuổi như đã công bố trên từng sản phẩm.&nbsp;</p><p>- 100% sử dụng nguyên liệu tự nhiên: Chúng tôi không sử dụng bất kỳ hoá chất tạo màu hoặc tạo mùi nào trong tất cả các sản phẩm về trầm hương của Sơn Hồng.</p><p><br><strong>QUY TRÌNH SẢN XUẤT VÒNG TRẦM HƯƠNG SƠN HỒNG</strong></p><p style="text-align: center;"><img src="https://file.hstatic.net/200000591825/file/qtct-5_b4fc5c3526894490bde30264cf1ee3ae_1024x1024.jpg"></p>',
  NULL,
  'VÒNG TRẦM HƯƠNG LỤC LẠC BẠC DÀNH CHO BÉ',
  'Vòng Trầm hương Lục Lạc bạc dành cho bé của Sơn Hồng là chiếc vòng tay được thiết kế với kích thước nhỏ và nhẹ nhàng. Chiếc vòng rất thích hợp với những bé từ 5 đến 12 tuổi. Hoặc cũng có thể làm lắc chân cho các bé nhỏ tuổi hơn.',
  'TRẦM HƯƠNG SƠN HỒNG',
  'VÒNG TAY',
  ARRAY['TRẺ EM'],
  'published',
  '2023-01-02T14:58:35+07:00'::timestamp,
  '2023-01-02T15:20:29+07:00'::timestamp
) ON CONFLICT (haravan_product_id) DO NOTHING;

INSERT INTO product_variants (
  product_id, haravan_variant_id, option1_name, option1_value,
  option2_name, option2_value, option3_name, option3_value,
  price, compare_at_price, sku, barcode, weight, inventory_quantity,
  inventory_policy, track_inventory, requires_shipping, taxable,
  unit, base_unit, conversion_rate, sell_by_unit
) VALUES (
  (SELECT id FROM products WHERE haravan_product_id = '1044297227'),
  '1097528551',
  'Title', 'Vòng em bé mẫu 1',
  NULL, NULL,
  NULL, NULL,
  880000, NULL,
  NULL, NULL,
  50, 10,
  'deny', true,
  true, true,
  NULL, NULL,
  NULL, false
) ON CONFLICT (haravan_variant_id) DO NOTHING;

INSERT INTO product_images (product_id, url, alt_text_vi, position, is_primary)
VALUES (
  (SELECT id FROM products WHERE haravan_product_id = '1044297227'),
  'https://product.hstatic.net/200000591825/product/eb10_1bbe25b129eb42809b2584e0c374f7c3.jpg',
  NULL,
  1,
  true
);

INSERT INTO product_images (product_id, url, alt_text_vi, position, is_primary)
VALUES (
  (SELECT id FROM products WHERE haravan_product_id = '1044297227'),
  'https://product.hstatic.net/200000591825/product/em_be_8_e7636cfd46f048ada4c27c630de53e10.jpg',
  NULL,
  2,
  false
);

INSERT INTO product_images (product_id, url, alt_text_vi, position, is_primary)
VALUES (
  (SELECT id FROM products WHERE haravan_product_id = '1044297227'),
  'https://product.hstatic.net/200000591825/product/eb4_21649086060b4e4d9eb1df46353b0b20.jpg',
  NULL,
  3,
  false
);


-- Product: VÒNG TRẦM HƯƠNG TRÂU BẠC DÀNH CHO BÉ
INSERT INTO products (
  haravan_product_id, name_vi, slug, description_vi, excerpt_vi,
  seo_title_vi, seo_description_vi, brand, product_type, tags, status,
  haravan_created_at, haravan_updated_at
) VALUES (
  '1044297260',
  'VÒNG TRẦM HƯƠNG TRÂU BẠC DÀNH CHO BÉ',
  'vong-tram-huong-tu-nhien-danh-cho-be-mau-2',
  '<h1><span style="color:#f39c12"><strong>VÒNG TRẦM HƯƠNG TRÂU BẠC DÀNH CHO BÉ</strong></span></h1><p>&nbsp;</p><p><strong>THÔNG TIN CHI TIẾT</strong></p><table border="1" cellspacing="1" cellpadding="1"><tbody><tr><td>SỐ HẠT</td><td>21 hạt trầm hương tự nhiên</td></tr><tr><td>KÍCH THƯỚC</td><td>&nbsp;</td></tr><tr><td>LOẠI TRẦM</td><td>Trầm hương tự nhiên 50 tuổi</td></tr><tr><td>LOẠI CHARM</td><td>Các loại charm bạc (bạc Thái)</td></tr><tr><td>BỘ SẢN PHẨM GỒM</td><td>- 01 vòng trầm hương cho bé<br>- 01 hộp gấm bảo quản vòng<br>- 01 thẻ bảo hành</td></tr><tr><td>BẢO HÀNH</td><td>1 ĐỔI 1 trong vòng 1 THÁNG nếu có lỗi kỹ thuật</td></tr><tr><td>CÁCH ĐEO</td><td>Đeo tay cho các bé từ 5 - 12 tuổi hoặc đeo thành lắc chân cho các bé nhỏ tuổi hơn</td></tr></tbody></table><p>&nbsp;</p><h2><strong>MÔ TẢ SẢN PHẨM VÒNG TRẦM HƯƠNG DÀNH CHO BÉ</strong></h2><p>&nbsp;</p><p style="text-align: center"><img src="//file.hstatic.net/200000591825/file/em_be_2_b8759d335abf4296878a8bf63fa6962d_grande.jpg"></p><p>&nbsp;</p><p><strong>Vòng Trầm hương Trâu bạc dành cho bé</strong> của Sơn Hồng là chiếc vòng tay được thiết kế với kích thước nhỏ và nhẹ nhàng. Chiếc vòng rất thích hợp với những bé từ 5 đến 12 tuổi. Hoặc cũng có thể làm lắc chân cho các bé nhỏ tuổi hơn.&nbsp;</p><p>&nbsp;</p><p>Chiếc vòng là sự kết hợp hoàn hảo của gỗ Trầm hương tự nhiên 50&nbsp;năm tuổi cùng các loại charm bạc với nhiều hình tượng khác nhau. Vòng tay thường được xâu chuỗi từ 17-21 hạt trầm. Số hạt sẽ được chọn dựa trên quy tắc của vòng luân hồi “sinh – lão – bệnh – tử” nhằm đem lại may mắn cho người đeo.&nbsp;</p><p>&nbsp;</p><p>Vòng Trầm hương Sơn Hồng nếu đeo trên người các bé sẽ giúp xua tan đi tà khí, hóa giải điềm xấu. Từ đó mang lại may mắn, vận mệnh cũng từ đó mà tốt hơn. Bên cạnh đó bạc kị gió, sẽ&nbsp; giúp các bé tránh được gió độc nhập vào người.&nbsp;</p><p>&nbsp;</p><h2><strong>CÔNG DỤNG CỦA VÒNG TRẦM HƯƠNG CHO BÉ</strong></h2><p>&nbsp;</p><p>Trầm hương có tính dương mạnh, chính vì vậy, khi đeo trên người sẽ giúp cơ thể được giữ ấm, tránh gió điều hòa khí huyết cho cơ thể. Mùi hương thơm dịu nhẹ, dễ chịu giúp bé có giấc ngủ được ngon hơn, bình an hơn. Ngoài ra khi đeo vòng tay trầm hương cho bé giúp xua đuổi tà ma, khí âm xấu đeo bám trẻ.&nbsp;</p><p>&nbsp;</p><p>Ngoài ra, theo phong thuỷ, vòng trầm hương còn có tác dụng làm cân bằng luồng khí trong cơ thể, tạo cảm giác thoải mái. Từ đó giúp các bé có tính khí ôn hoà hơn, kiềm chế được sự nóng nảy và cáu gắt.</p><p>&nbsp;</p><p><strong>VỀ TRẦM HƯƠNG VIỆT NAM</strong></p><p>Gỗ trầm hương Việt Nam được giới chuyên gia về trầm đánh giá rất cao trên thế giới về mùi hương, cũng như chất lượng nhờ vào điều kiện khí hậu &amp; thổ nhưỡng đặc trưng của rừng rậm nhiệt đới, nơi mà cây trầm phát triển và tạo trầm tốt nhất. Trầm Hương Việt Nam thường sinh trưởng tại các khu rừng rậm nhiệt đới ở Quảng Nam, Tây Nguyên, Phú Quốc,.. nơi cho ra trầm tốt nhất thế giới.&nbsp;</p><p>&nbsp;</p><p><strong>GIỚI THIỆU VỀ&nbsp; TRẦM HƯƠNG SƠN HỒNG</strong></p><p>Đối với bạn trầm hương là sự may mắn, đối với Sơn Hồng, trầm hương là tâm huyết của gia đình chúng tôi. Với hơn 30 năm làm trầm, chúng tôi hiểu giá trị của Trầm Hương và mong muốn mang trầm hương Việt đến với người Việt cùng với lời chúc về sự thịnh vượng và may mắn trong cuộc sống.</p><p>&nbsp;</p><p><strong>CHÚNG TÔI CAM KẾT</strong></p><p>- Nguồn gốc đúng: Trầm Hương Việt Nam được giới chuyên về trầm đánh giá tốt nhất thế giới về mùi thơm cũng như chất lượng.</p><p>- Đúng &amp; đủ tuổi trầm như đã công bố: Chúng tôi cam kết sử dụng đúng loại trầm có số tuổi như đã công bố trên từng sản phẩm.&nbsp;</p><p>- 100% sử dụng nguyên liệu tự nhiên: Chúng tôi không sử dụng bất kỳ hoá chất tạo màu hoặc tạo mùi nào trong tất cả các sản phẩm về trầm hương của Sơn Hồng.</p><p><br><strong>QUY TRÌNH SẢN XUẤT VÒNG TRẦM HƯƠNG SƠN HỒNG</strong></p><p><img src="https://file.hstatic.net/200000591825/file/qtct-5_b4fc5c3526894490bde30264cf1ee3ae_1024x1024.jpg"></p>',
  NULL,
  'VÒNG TRẦM HƯƠNG TRÂU BẠC DÀNH CHO BÉ',
  'Vòng Trầm hương Trâu bạc dành cho bé của Sơn Hồng là chiếc vòng tay được thiết kế với kích thước nhỏ và nhẹ nhàng. Chiếc vòng rất thích hợp với những bé từ 5 đến 12 tuổi. Hoặc cũng có thể làm lắc chân cho các bé nhỏ tuổi hơn.',
  'TRẦM HƯƠNG SƠN HỒNG',
  'VÒNG TAY',
  ARRAY['TRẺ EM'],
  'published',
  '2023-01-02T15:02:22+07:00'::timestamp,
  '2023-01-02T15:19:02+07:00'::timestamp
) ON CONFLICT (haravan_product_id) DO NOTHING;

INSERT INTO product_variants (
  product_id, haravan_variant_id, option1_name, option1_value,
  option2_name, option2_value, option3_name, option3_value,
  price, compare_at_price, sku, barcode, weight, inventory_quantity,
  inventory_policy, track_inventory, requires_shipping, taxable,
  unit, base_unit, conversion_rate, sell_by_unit
) VALUES (
  (SELECT id FROM products WHERE haravan_product_id = '1044297260'),
  '1097528592',
  'Title', 'vòng em bé trâu bạc',
  NULL, NULL,
  NULL, NULL,
  880000, NULL,
  NULL, NULL,
  50, 10,
  'deny', true,
  true, true,
  NULL, NULL,
  NULL, false
) ON CONFLICT (haravan_variant_id) DO NOTHING;

INSERT INTO product_images (product_id, url, alt_text_vi, position, is_primary)
VALUES (
  (SELECT id FROM products WHERE haravan_product_id = '1044297260'),
  'https://product.hstatic.net/200000591825/product/eb11_fbe75e939aa249ada28bd311c1e71033.jpg',
  NULL,
  1,
  true
);

INSERT INTO product_images (product_id, url, alt_text_vi, position, is_primary)
VALUES (
  (SELECT id FROM products WHERE haravan_product_id = '1044297260'),
  'https://product.hstatic.net/200000591825/product/em_be_2_610ac093ba604761abe28c06c5c19cbc.jpg',
  NULL,
  2,
  false
);

INSERT INTO product_images (product_id, url, alt_text_vi, position, is_primary)
VALUES (
  (SELECT id FROM products WHERE haravan_product_id = '1044297260'),
  'https://product.hstatic.net/200000591825/product/eb3_dd3665a302064490bf1da39ec58dec1f.jpg',
  NULL,
  3,
  false
);


-- Product: VÒNG TRẦM HƯƠNG THỎ BẠC DÀNH CHO BÉ
INSERT INTO products (
  haravan_product_id, name_vi, slug, description_vi, excerpt_vi,
  seo_title_vi, seo_description_vi, brand, product_type, tags, status,
  haravan_created_at, haravan_updated_at
) VALUES (
  '1044297316',
  'VÒNG TRẦM HƯƠNG THỎ BẠC DÀNH CHO BÉ',
  'vong-tram-huong-tu-nhien-danh-cho-be-mau-3',
  '<h1 style="text-align: center;"><span style="color:#f39c12"><strong>VÒNG TRẦM HƯƠNG THỎ BẠC&nbsp;DÀNH CHO BÉ</strong></span></h1><p>&nbsp;</p><p><strong>THÔNG TIN CHI TIẾT</strong></p><table border="1" cellspacing="1" cellpadding="1"><tbody><tr><td>SỐ HẠT</td><td>21 hạt trầm hương tự nhiên</td></tr><tr><td>KÍCH THƯỚC</td><td>&nbsp;</td></tr><tr><td>LOẠI TRẦM</td><td>Trầm hương tự nhiên 50 tuổi</td></tr><tr><td>LOẠI CHARM</td><td>Các loại charm bạc (bạc Thái)</td></tr><tr><td>BỘ SẢN PHẨM GỒM</td><td>- 01 vòng trầm hương cho bé<br>- 01 hộp gấm bảo quản vòng<br>- 01 thẻ bảo hành</td></tr><tr><td>BẢO HÀNH</td><td>1 ĐỔI 1 trong vòng 1 THÁNG nếu có lỗi kỹ thuật</td></tr><tr><td>CÁCH ĐEO</td><td>Đeo tay cho các bé từ 5 - 12 tuổi hoặc đeo thành lắc chân cho các bé nhỏ tuổi hơn</td></tr></tbody></table><p>&nbsp;</p><h2><span style="color:#f39c12"><strong>MÔ TẢ SẢN PHẨM VÒNG TRẦM HƯƠNG DÀNH CHO BÉ</strong></span></h2><p>&nbsp;</p><p style="text-align: center"><img src="//file.hstatic.net/200000591825/file/em_be_4_c2d95636d8a14b3cad2b65ff91f2b3f3_grande.jpg"></p><p>&nbsp;</p><p><strong>Vòng Trầm hương Thỏ bạc&nbsp;dành cho bé</strong> của Sơn Hồng là chiếc vòng tay được thiết kế với kích thước nhỏ và nhẹ nhàng. Chiếc vòng rất thích hợp với những bé từ 5 đến 12 tuổi. Hoặc cũng có thể làm lắc chân cho các bé nhỏ tuổi hơn.&nbsp;</p><p>&nbsp;</p><p>Chiếc vòng là sự kết hợp hoàn hảo của gỗ Trầm hương tự nhiên 50&nbsp;năm tuổi cùng các loại charm bạc với nhiều hình tượng khác nhau. Vòng tay thường được xâu chuỗi từ 17-21 hạt trầm. Số hạt sẽ được chọn dựa trên quy tắc của vòng luân hồi “sinh – lão – bệnh – tử” nhằm đem lại may mắn cho người đeo.&nbsp;</p><p>&nbsp;</p><p>Vòng Trầm hương Sơn Hồng nếu đeo trên người các bé sẽ giúp xua tan đi tà khí, hóa giải điềm xấu. Từ đó mang lại may mắn, vận mệnh cũng từ đó mà tốt hơn. Bên cạnh đó bạc kị gió, sẽ&nbsp; giúp các bé tránh được gió độc nhập vào người.&nbsp;</p><p>&nbsp;</p><h2><span style="color:#f39c12"><strong>CÔNG DỤNG CỦA VÒNG TRẦM HƯƠNG CHO BÉ</strong></span></h2><p>&nbsp;</p><p>Trầm hương có tính dương mạnh, chính vì vậy, khi đeo trên người sẽ giúp cơ thể được giữ ấm, tránh gió điều hòa khí huyết cho cơ thể. Mùi hương thơm dịu nhẹ, dễ chịu giúp bé có giấc ngủ được ngon hơn, bình an hơn. Ngoài ra khi đeo vòng tay trầm hương cho bé giúp xua đuổi tà ma, khí âm xấu đeo bám trẻ.&nbsp;</p><p>&nbsp;</p><p>Ngoài ra, theo phong thuỷ, vòng trầm hương còn có tác dụng làm cân bằng luồng khí trong cơ thể, tạo cảm giác thoải mái. Từ đó giúp các bé có tính khí ôn hoà hơn, kiềm chế được sự nóng nảy và cáu gắt.</p><p>&nbsp;</p><p><strong>VỀ TRẦM HƯƠNG VIỆT NAM</strong></p><p>Gỗ trầm hương Việt Nam được giới chuyên gia về trầm đánh giá rất cao trên thế giới về mùi hương, cũng như chất lượng nhờ vào điều kiện khí hậu &amp; thổ nhưỡng đặc trưng của rừng rậm nhiệt đới, nơi mà cây trầm phát triển và tạo trầm tốt nhất. Trầm Hương Việt Nam thường sinh trưởng tại các khu rừng rậm nhiệt đới ở Quảng Nam, Tây Nguyên, Phú Quốc,.. nơi cho ra trầm tốt nhất thế giới.&nbsp;</p><p>&nbsp;</p><p><strong>GIỚI THIỆU VỀ&nbsp; TRẦM HƯƠNG SƠN HỒNG</strong></p><p>Đối với bạn trầm hương là sự may mắn, đối với Sơn Hồng, trầm hương là tâm huyết của gia đình chúng tôi. Với hơn 30 năm làm trầm, chúng tôi hiểu giá trị của Trầm Hương và mong muốn mang trầm hương Việt đến với người Việt cùng với lời chúc về sự thịnh vượng và may mắn trong cuộc sống.</p><p>&nbsp;</p><p><strong>CHÚNG TÔI CAM KẾT</strong></p><p>- Nguồn gốc đúng: Trầm Hương Việt Nam được giới chuyên về trầm đánh giá tốt nhất thế giới về mùi thơm cũng như chất lượng.</p><p>- Đúng &amp; đủ tuổi trầm như đã công bố: Chúng tôi cam kết sử dụng đúng loại trầm có số tuổi như đã công bố trên từng sản phẩm.&nbsp;</p><p>- 100% sử dụng nguyên liệu tự nhiên: Chúng tôi không sử dụng bất kỳ hoá chất tạo màu hoặc tạo mùi nào trong tất cả các sản phẩm về trầm hương của Sơn Hồng.</p><p><br><strong>QUY TRÌNH SẢN XUẤT VÒNG TRẦM HƯƠNG SƠN HỒNG</strong></p><p style="text-align: center;"><img src="https://file.hstatic.net/200000591825/file/qtct-5_b4fc5c3526894490bde30264cf1ee3ae_1024x1024.jpg"></p>',
  NULL,
  'VÒNG TRẦM HƯƠNG THỎ BẠC DÀNH CHO BÉ',
  'Vòng Trầm hương Thỏ bạc dành cho bé của Sơn Hồng là chiếc vòng tay được thiết kế với kích thước nhỏ và nhẹ nhàng. Chiếc vòng rất thích hợp với những bé từ 5 đến 12 tuổi. Hoặc cũng có thể làm lắc chân cho các bé nhỏ tuổi hơn.',
  'TRẦM HƯƠNG SƠN HỒNG',
  'VÒNG TAY',
  ARRAY['TRẺ EM'],
  'published',
  '2023-01-02T15:06:20+07:00'::timestamp,
  '2023-01-02T15:17:58+07:00'::timestamp
) ON CONFLICT (haravan_product_id) DO NOTHING;

INSERT INTO product_variants (
  product_id, haravan_variant_id, option1_name, option1_value,
  option2_name, option2_value, option3_name, option3_value,
  price, compare_at_price, sku, barcode, weight, inventory_quantity,
  inventory_policy, track_inventory, requires_shipping, taxable,
  unit, base_unit, conversion_rate, sell_by_unit
) VALUES (
  (SELECT id FROM products WHERE haravan_product_id = '1044297316'),
  '1097528768',
  'Title', 'Vòng em bé thỏ bạc',
  NULL, NULL,
  NULL, NULL,
  880000, NULL,
  NULL, NULL,
  50, 10,
  'deny', true,
  true, true,
  NULL, NULL,
  NULL, false
) ON CONFLICT (haravan_variant_id) DO NOTHING;

INSERT INTO product_images (product_id, url, alt_text_vi, position, is_primary)
VALUES (
  (SELECT id FROM products WHERE haravan_product_id = '1044297316'),
  'https://product.hstatic.net/200000591825/product/eb12_95e9ab3985fc4fb7ab65a20e3133d3a8.jpg',
  NULL,
  1,
  true
);

INSERT INTO product_images (product_id, url, alt_text_vi, position, is_primary)
VALUES (
  (SELECT id FROM products WHERE haravan_product_id = '1044297316'),
  'https://product.hstatic.net/200000591825/product/em_be_4_5578338e73bf437daea36bfae07acf6d.jpg',
  NULL,
  2,
  false
);


-- Product: VÒNG TRẦM HƯƠNG PHÚC LỘC THỌ DÀNH CHO BÉ
INSERT INTO products (
  haravan_product_id, name_vi, slug, description_vi, excerpt_vi,
  seo_title_vi, seo_description_vi, brand, product_type, tags, status,
  haravan_created_at, haravan_updated_at
) VALUES (
  '1044297333',
  'VÒNG TRẦM HƯƠNG PHÚC LỘC THỌ DÀNH CHO BÉ',
  'vong-tram-huong-tu-nhien-danh-cho-be-mau-4',
  '<h1><strong>VÒNG TRẦM HƯƠNG PHÚC LỘC THỌ DÀNH CHO BÉ</strong></h1><p>&nbsp;</p><p><strong>THÔNG TIN CHI TIẾT</strong></p><table border="1" cellspacing="1" cellpadding="1"><tbody><tr><td>SỐ HẠT</td><td>21 hạt trầm hương tự nhiên</td></tr><tr><td>KÍCH THƯỚC</td><td>&nbsp;</td></tr><tr><td>LOẠI TRẦM</td><td>Trầm hương tự nhiên 50 tuổi</td></tr><tr><td>LOẠI CHARM</td><td>Các loại charm bạc (bạc Thái)</td></tr><tr><td>BỘ SẢN PHẨM GỒM</td><td>- 01 vòng trầm hương cho bé<br>- 01 hộp gấm bảo quản vòng<br>- 01 thẻ bảo hành</td></tr><tr><td>BẢO HÀNH</td><td>1 ĐỔI 1 trong vòng 1 THÁNG nếu có lỗi kỹ thuật</td></tr><tr><td>CÁCH ĐEO</td><td>Đeo tay cho các bé từ 5 - 12 tuổi hoặc đeo thành lắc chân cho các bé nhỏ tuổi hơn</td></tr></tbody></table><p>&nbsp;</p><h2><strong>MÔ TẢ SẢN PHẨM VÒNG TRẦM HƯƠNG DÀNH CHO BÉ</strong></h2><p>&nbsp;</p><p style="text-align: center"><img src="//file.hstatic.net/200000591825/file/em_be_5_d22d2bb3ec814fa3bd7c26b5448ea6d2_grande.jpg"></p><p>&nbsp;</p><p><strong>Vòng Trầm hương Phúc Lộc Thọ dành cho bé của Sơn Hồng</strong> là chiếc vòng tay được thiết kế với kích thước nhỏ và nhẹ nhàng. Chiếc vòng rất thích hợp với những bé từ 5 đến 12 tuổi. Hoặc cũng có thể làm lắc chân cho các bé nhỏ tuổi hơn.&nbsp;</p><p>&nbsp;</p><p>Chiếc vòng là sự kết hợp hoàn hảo của gỗ Trầm hương tự nhiên 50&nbsp;năm tuổi cùng các loại charm bạc với nhiều hình tượng khác nhau. Vòng tay thường được xâu chuỗi từ 17-21 hạt trầm. Số hạt sẽ được chọn dựa trên quy tắc của vòng luân hồi “sinh – lão – bệnh – tử” nhằm đem lại may mắn cho người đeo.&nbsp;</p><p>&nbsp;</p><p>Vòng Trầm hương Sơn Hồng nếu đeo trên người các bé sẽ giúp xua tan đi tà khí, hóa giải điềm xấu. Từ đó mang lại may mắn, vận mệnh cũng từ đó mà tốt hơn. Bên cạnh đó bạc kị gió, sẽ&nbsp; giúp các bé tránh được gió độc nhập vào người.&nbsp;</p><p>&nbsp;</p><h2><strong>CÔNG DỤNG CỦA VÒNG TRẦM HƯƠNG CHO BÉ</strong></h2><p>&nbsp;</p><p>Trầm hương có tính dương mạnh, chính vì vậy, khi đeo trên người sẽ giúp cơ thể được giữ ấm, tránh gió điều hòa khí huyết cho cơ thể. Mùi hương thơm dịu nhẹ, dễ chịu giúp bé có giấc ngủ được ngon hơn, bình an hơn. Ngoài ra khi đeo vòng tay trầm hương cho bé giúp xua đuổi tà ma, khí âm xấu đeo bám trẻ.&nbsp;</p><p>&nbsp;</p><p>Ngoài ra, theo phong thuỷ, vòng trầm hương còn có tác dụng làm cân bằng luồng khí trong cơ thể, tạo cảm giác thoải mái. Từ đó giúp các bé có tính khí ôn hoà hơn, kiềm chế được sự nóng nảy và cáu gắt.</p><p>&nbsp;</p><p><strong>VỀ TRẦM HƯƠNG VIỆT NAM</strong></p><p>Gỗ trầm hương Việt Nam được giới chuyên gia về trầm đánh giá rất cao trên thế giới về mùi hương, cũng như chất lượng nhờ vào điều kiện khí hậu &amp; thổ nhưỡng đặc trưng của rừng rậm nhiệt đới, nơi mà cây trầm phát triển và tạo trầm tốt nhất. Trầm Hương Việt Nam thường sinh trưởng tại các khu rừng rậm nhiệt đới ở Quảng Nam, Tây Nguyên, Phú Quốc,.. nơi cho ra trầm tốt nhất thế giới.&nbsp;</p><p>&nbsp;</p><p><strong>GIỚI THIỆU VỀ&nbsp; TRẦM HƯƠNG SƠN HỒNG</strong></p><p>Đối với bạn trầm hương là sự may mắn, đối với Sơn Hồng, trầm hương là tâm huyết của gia đình chúng tôi. Với hơn 30 năm làm trầm, chúng tôi hiểu giá trị của Trầm Hương và mong muốn mang trầm hương Việt đến với người Việt cùng với lời chúc về sự thịnh vượng và may mắn trong cuộc sống.</p><p>&nbsp;</p><p><strong>CHÚNG TÔI CAM KẾT</strong></p><p>- Nguồn gốc đúng: Trầm Hương Việt Nam được giới chuyên về trầm đánh giá tốt nhất thế giới về mùi thơm cũng như chất lượng.</p><p>- Đúng &amp; đủ tuổi trầm như đã công bố: Chúng tôi cam kết sử dụng đúng loại trầm có số tuổi như đã công bố trên từng sản phẩm.&nbsp;</p><p>- 100% sử dụng nguyên liệu tự nhiên: Chúng tôi không sử dụng bất kỳ hoá chất tạo màu hoặc tạo mùi nào trong tất cả các sản phẩm về trầm hương của Sơn Hồng.</p><p><br><strong>QUY TRÌNH SẢN XUẤT VÒNG TRẦM HƯƠNG SƠN HỒNG</strong></p><p style="text-align: center;"><img src="https://file.hstatic.net/200000591825/file/qtct-5_b4fc5c3526894490bde30264cf1ee3ae_1024x1024.jpg"></p>',
  NULL,
  'VÒNG TRẦM HƯƠNG PHÚC LỘC THỌ DÀNH CHO BÉ',
  'Vòng Trầm hương Phúc Lộc Thọ dành cho bé của Sơn Hồng là chiếc vòng tay được thiết kế với kích thước nhỏ và nhẹ nhàng. Chiếc vòng rất thích hợp với những bé từ 5 đến 12 tuổi. Hoặc cũng có thể làm lắc chân cho các bé nhỏ tuổi hơn.',
  'TRẦM HƯƠNG SƠN HỒNG',
  'VÒNG TAY',
  ARRAY['TRẺ EM'],
  'published',
  '2023-01-02T15:09:10+07:00'::timestamp,
  '2023-01-02T15:23:18+07:00'::timestamp
) ON CONFLICT (haravan_product_id) DO NOTHING;

INSERT INTO product_variants (
  product_id, haravan_variant_id, option1_name, option1_value,
  option2_name, option2_value, option3_name, option3_value,
  price, compare_at_price, sku, barcode, weight, inventory_quantity,
  inventory_policy, track_inventory, requires_shipping, taxable,
  unit, base_unit, conversion_rate, sell_by_unit
) VALUES (
  (SELECT id FROM products WHERE haravan_product_id = '1044297333'),
  '1097528786',
  'Title', 'Vòng trầm Phúc Lộc Thọ cho bé',
  NULL, NULL,
  NULL, NULL,
  880000, NULL,
  NULL, NULL,
  50, 10,
  'deny', true,
  true, true,
  NULL, NULL,
  NULL, false
) ON CONFLICT (haravan_variant_id) DO NOTHING;

INSERT INTO product_images (product_id, url, alt_text_vi, position, is_primary)
VALUES (
  (SELECT id FROM products WHERE haravan_product_id = '1044297333'),
  'https://product.hstatic.net/200000591825/product/eb1_e61b684be8524d168ff6517fee041148.jpg',
  NULL,
  1,
  true
);

INSERT INTO product_images (product_id, url, alt_text_vi, position, is_primary)
VALUES (
  (SELECT id FROM products WHERE haravan_product_id = '1044297333'),
  'https://product.hstatic.net/200000591825/product/em_be_5_b000e78e923d416381ece9920f57ea8d.jpg',
  NULL,
  2,
  false
);

INSERT INTO product_images (product_id, url, alt_text_vi, position, is_primary)
VALUES (
  (SELECT id FROM products WHERE haravan_product_id = '1044297333'),
  'https://product.hstatic.net/200000591825/product/em_be_13_8f1c0a33fd8c4a3ea194d96f732ecfab.jpg',
  NULL,
  3,
  false
);


-- Product: VÒNG TRẦM HƯƠNG THẺ BẠC DÀNH CHO BÉ
INSERT INTO products (
  haravan_product_id, name_vi, slug, description_vi, excerpt_vi,
  seo_title_vi, seo_description_vi, brand, product_type, tags, status,
  haravan_created_at, haravan_updated_at
) VALUES (
  '1044297382',
  'VÒNG TRẦM HƯƠNG THẺ BẠC DÀNH CHO BÉ',
  'vong-tram-huong-the-bac-danh-cho-be',
  '<h1 style="text-align: center;"><span style="color:#f39c12"><strong>VÒNG TRẦM HƯƠNG THẺ BẠC&nbsp;DÀNH CHO BÉ</strong></span></h1><p>&nbsp;</p><p><strong>THÔNG TIN CHI TIẾT</strong></p><table border="1" cellspacing="1" cellpadding="1"><tbody><tr><td>SỐ HẠT</td><td>21 hạt trầm hương tự nhiên</td></tr><tr><td>KÍCH THƯỚC</td><td>&nbsp;</td></tr><tr><td>LOẠI TRẦM</td><td>Trầm hương tự nhiên 50 tuổi</td></tr><tr><td>LOẠI CHARM</td><td>Các loại charm bạc (bạc Thái)</td></tr><tr><td>BỘ SẢN PHẨM GỒM</td><td>- 01 vòng trầm hương cho bé<br>- 01 hộp gấm bảo quản vòng<br>- 01 thẻ bảo hành</td></tr><tr><td>BẢO HÀNH</td><td>1 ĐỔI 1 trong vòng 1 THÁNG nếu có lỗi kỹ thuật</td></tr><tr><td>CÁCH ĐEO</td><td>Đeo tay cho các bé từ 5 - 12 tuổi hoặc đeo thành lắc chân cho các bé nhỏ tuổi hơn</td></tr></tbody></table><p>&nbsp;</p><h2><span style="color:#f39c12"><strong>MÔ TẢ SẢN PHẨM VÒNG TRẦM HƯƠNG DÀNH CHO BÉ</strong></span></h2><p>&nbsp;</p><p style="text-align: center"><img src="//file.hstatic.net/200000591825/file/em_be_11_edf5b7887c1349b8aaf94685c5cc9ff1_grande.jpg"></p><p>&nbsp;</p><p><strong>Vòng Trầm hương thẻ bạc dành cho bé</strong> của Sơn Hồng là chiếc vòng tay được thiết kế với kích thước nhỏ và nhẹ nhàng. Chiếc vòng rất thích hợp với những bé từ 5 đến 12 tuổi. Hoặc cũng có thể làm lắc chân cho các bé nhỏ tuổi hơn.&nbsp;</p><p>&nbsp;</p><p>Chiếc vòng là sự kết hợp hoàn hảo của gỗ Trầm hương tự nhiên 50&nbsp;năm tuổi cùng các loại charm bạc với nhiều hình tượng khác nhau. Vòng tay thường được xâu chuỗi từ 17-21 hạt trầm. Số hạt sẽ được chọn dựa trên quy tắc của vòng luân hồi “sinh – lão – bệnh – tử” nhằm đem lại may mắn cho người đeo.&nbsp;</p><p>&nbsp;</p><p>Vòng Trầm hương Sơn Hồng nếu đeo trên người các bé sẽ giúp xua tan đi tà khí, hóa giải điềm xấu. Từ đó mang lại may mắn, vận mệnh cũng từ đó mà tốt hơn. Bên cạnh đó bạc kị gió, sẽ&nbsp; giúp các bé tránh được gió độc nhập vào người.&nbsp;</p><p>&nbsp;</p><h2><span style="color:#f39c12"><strong>CÔNG DỤNG CỦA VÒNG TRẦM HƯƠNG CHO BÉ</strong></span></h2><p>&nbsp;</p><p>Trầm hương có tính dương mạnh, chính vì vậy, khi đeo trên người sẽ giúp cơ thể được giữ ấm, tránh gió điều hòa khí huyết cho cơ thể. Mùi hương thơm dịu nhẹ, dễ chịu giúp bé có giấc ngủ được ngon hơn, bình an hơn. Ngoài ra khi đeo vòng tay trầm hương cho bé giúp xua đuổi tà ma, khí âm xấu đeo bám trẻ.&nbsp;</p><p>&nbsp;</p><p>Ngoài ra, theo phong thuỷ, vòng trầm hương còn có tác dụng làm cân bằng luồng khí trong cơ thể, tạo cảm giác thoải mái. Từ đó giúp các bé có tính khí ôn hoà hơn, kiềm chế được sự nóng nảy và cáu gắt.</p><p>&nbsp;</p><p><strong>VỀ TRẦM HƯƠNG VIỆT NAM</strong></p><p>Gỗ trầm hương Việt Nam được giới chuyên gia về trầm đánh giá rất cao trên thế giới về mùi hương, cũng như chất lượng nhờ vào điều kiện khí hậu &amp; thổ nhưỡng đặc trưng của rừng rậm nhiệt đới, nơi mà cây trầm phát triển và tạo trầm tốt nhất. Trầm Hương Việt Nam thường sinh trưởng tại các khu rừng rậm nhiệt đới ở Quảng Nam, Tây Nguyên, Phú Quốc,.. nơi cho ra trầm tốt nhất thế giới.&nbsp;</p><p>&nbsp;</p><p><strong>GIỚI THIỆU VỀ&nbsp; TRẦM HƯƠNG SƠN HỒNG</strong></p><p>Đối với bạn trầm hương là sự may mắn, đối với Sơn Hồng, trầm hương là tâm huyết của gia đình chúng tôi. Với hơn 30 năm làm trầm, chúng tôi hiểu giá trị của Trầm Hương và mong muốn mang trầm hương Việt đến với người Việt cùng với lời chúc về sự thịnh vượng và may mắn trong cuộc sống.</p><p>&nbsp;</p><p><strong>CHÚNG TÔI CAM KẾT</strong></p><p>- Nguồn gốc đúng: Trầm Hương Việt Nam được giới chuyên về trầm đánh giá tốt nhất thế giới về mùi thơm cũng như chất lượng.</p><p>- Đúng &amp; đủ tuổi trầm như đã công bố: Chúng tôi cam kết sử dụng đúng loại trầm có số tuổi như đã công bố trên từng sản phẩm.&nbsp;</p><p>- 100% sử dụng nguyên liệu tự nhiên: Chúng tôi không sử dụng bất kỳ hoá chất tạo màu hoặc tạo mùi nào trong tất cả các sản phẩm về trầm hương của Sơn Hồng.</p><p><br><strong>QUY TRÌNH SẢN XUẤT VÒNG TRẦM HƯƠNG SƠN HỒNG</strong></p><p style="text-align: center;"><img src="https://file.hstatic.net/200000591825/file/qtct-5_b4fc5c3526894490bde30264cf1ee3ae_1024x1024.jpg"></p>',
  NULL,
  'VÒNG TRẦM HƯƠNG THẺ BẠC DÀNH CHO BÉ',
  'Vòng Trầm hương thẻ bạc dành cho bé của Sơn Hồng là chiếc vòng tay được thiết kế với kích thước nhỏ và nhẹ nhàng. Chiếc vòng rất thích hợp với những bé từ 5 đến 12 tuổi. Hoặc cũng có thể làm lắc chân cho các bé nhỏ tuổi hơn.',
  'TRẦM HƯƠNG SƠN HỒNG',
  'VÒNG TAY',
  ARRAY['TRẺ EM'],
  'published',
  '2023-01-02T15:14:54+07:00'::timestamp,
  '2023-01-02T15:15:12+07:00'::timestamp
) ON CONFLICT (haravan_product_id) DO NOTHING;

INSERT INTO product_variants (
  product_id, haravan_variant_id, option1_name, option1_value,
  option2_name, option2_value, option3_name, option3_value,
  price, compare_at_price, sku, barcode, weight, inventory_quantity,
  inventory_policy, track_inventory, requires_shipping, taxable,
  unit, base_unit, conversion_rate, sell_by_unit
) VALUES (
  (SELECT id FROM products WHERE haravan_product_id = '1044297382'),
  '1097528882',
  'Title', 'vòng trầm thẻ bạc cho bé',
  NULL, NULL,
  NULL, NULL,
  880000, NULL,
  NULL, NULL,
  50, 10,
  'deny', true,
  true, true,
  NULL, NULL,
  NULL, false
) ON CONFLICT (haravan_variant_id) DO NOTHING;

INSERT INTO product_images (product_id, url, alt_text_vi, position, is_primary)
VALUES (
  (SELECT id FROM products WHERE haravan_product_id = '1044297382'),
  'https://product.hstatic.net/200000591825/product/eb17_1dc215af0aa94d4cbb5e3e051d51e95c.jpg',
  NULL,
  1,
  true
);

INSERT INTO product_images (product_id, url, alt_text_vi, position, is_primary)
VALUES (
  (SELECT id FROM products WHERE haravan_product_id = '1044297382'),
  'https://product.hstatic.net/200000591825/product/em_be_11_b04f0799052e4e288ff96a204baeb91b.jpg',
  NULL,
  2,
  false
);

INSERT INTO product_images (product_id, url, alt_text_vi, position, is_primary)
VALUES (
  (SELECT id FROM products WHERE haravan_product_id = '1044297382'),
  'https://product.hstatic.net/200000591825/product/eb7_1c1b6b0009d94725860266a17d44fbc1.jpg',
  NULL,
  3,
  false
);


-- Product: VÒNG TRẦM HƯƠNG TIỂU NGƯ BẠC DÀNH CHO BÉ
INSERT INTO products (
  haravan_product_id, name_vi, slug, description_vi, excerpt_vi,
  seo_title_vi, seo_description_vi, brand, product_type, tags, status,
  haravan_created_at, haravan_updated_at
) VALUES (
  '1044297494',
  'VÒNG TRẦM HƯƠNG TIỂU NGƯ BẠC DÀNH CHO BÉ',
  'vong-tram-huong-tieu-ngu-bac-danh-cho-be',
  '<h1 style="text-align: center;"><span style="color:#f39c12"><strong>VÒNG TRẦM HƯƠNG TIỂU NGƯ BẠC DÀNH CHO BÉ</strong></span></h1><p>&nbsp;</p><p><strong>THÔNG TIN CHI TIẾT</strong></p><table border="1" cellspacing="1" cellpadding="1"><tbody><tr><td>SỐ HẠT</td><td>21 hạt trầm hương tự nhiên</td></tr><tr><td>KÍCH THƯỚC</td><td>&nbsp;</td></tr><tr><td>LOẠI TRẦM</td><td>Trầm hương tự nhiên 50 tuổi</td></tr><tr><td>LOẠI CHARM</td><td>Các loại charm bạc (bạc Thái)</td></tr><tr><td>BỘ SẢN PHẨM GỒM</td><td>- 01 vòng trầm hương cho bé<br>- 01 hộp gấm bảo quản vòng<br>- 01 thẻ bảo hành</td></tr><tr><td>BẢO HÀNH</td><td>1 ĐỔI 1 trong vòng 1 THÁNG nếu có lỗi kỹ thuật</td></tr><tr><td>CÁCH ĐEO</td><td>Đeo tay cho các bé từ 5 - 12 tuổi hoặc đeo thành lắc chân cho các bé nhỏ tuổi hơn</td></tr></tbody></table><p>&nbsp;</p><h2><span style="color:#f39c12"><strong>MÔ TẢ SẢN PHẨM VÒNG TRẦM HƯƠNG DÀNH CHO BÉ</strong></span></h2><p>&nbsp;</p><p style="text-align: center"><img src="//file.hstatic.net/200000591825/file/em_be_12_e7a6ac1ff069465397438ee608063ca5_grande.jpg"></p><p>&nbsp;</p><p><strong>Vòng Trầm hương Tiểu Ngư bạc&nbsp;dành cho bé&nbsp;</strong>của Sơn Hồng là chiếc vòng tay được thiết kế với kích thước nhỏ và nhẹ nhàng. Chiếc vòng rất thích hợp với những bé từ 5 đến 12 tuổi. Hoặc cũng có thể làm lắc chân cho các bé nhỏ tuổi hơn.&nbsp;</p><p>&nbsp;</p><p>Chiếc vòng là sự kết hợp hoàn hảo của gỗ Trầm hương tự nhiên 50&nbsp;năm tuổi cùng các loại charm bạc với nhiều hình tượng khác nhau. Vòng tay thường được xâu chuỗi từ 17-21 hạt trầm. Số hạt sẽ được chọn dựa trên quy tắc của vòng luân hồi “sinh – lão – bệnh – tử” nhằm đem lại may mắn cho người đeo.&nbsp;</p><p>&nbsp;</p><p>Vòng Trầm hương Sơn Hồng nếu đeo trên người các bé sẽ giúp xua tan đi tà khí, hóa giải điềm xấu. Từ đó mang lại may mắn, vận mệnh cũng từ đó mà tốt hơn. Bên cạnh đó bạc kị gió, sẽ&nbsp; giúp các bé tránh được gió độc nhập vào người.&nbsp;</p><p>&nbsp;</p><h2><strong>CÔNG DỤNG CỦA VÒNG TRẦM HƯƠNG CHO BÉ</strong></h2><p>&nbsp;</p><p>Trầm hương có tính dương mạnh, chính vì vậy, khi đeo trên người sẽ giúp cơ thể được giữ ấm, tránh gió điều hòa khí huyết cho cơ thể. Mùi hương thơm dịu nhẹ, dễ chịu giúp bé có giấc ngủ được ngon hơn, bình an hơn. Ngoài ra khi đeo vòng tay trầm hương cho bé giúp xua đuổi tà ma, khí âm xấu đeo bám trẻ.&nbsp;</p><p>&nbsp;</p><p>Ngoài ra, theo phong thuỷ, vòng trầm hương còn có tác dụng làm cân bằng luồng khí trong cơ thể, tạo cảm giác thoải mái. Từ đó giúp các bé có tính khí ôn hoà hơn, kiềm chế được sự nóng nảy và cáu gắt.</p><p>&nbsp;</p><p><strong>VỀ TRẦM HƯƠNG VIỆT NAM</strong></p><p>Gỗ trầm hương Việt Nam được giới chuyên gia về trầm đánh giá rất cao trên thế giới về mùi hương, cũng như chất lượng nhờ vào điều kiện khí hậu &amp; thổ nhưỡng đặc trưng của rừng rậm nhiệt đới, nơi mà cây trầm phát triển và tạo trầm tốt nhất. Trầm Hương Việt Nam thường sinh trưởng tại các khu rừng rậm nhiệt đới ở Quảng Nam, Tây Nguyên, Phú Quốc,.. nơi cho ra trầm tốt nhất thế giới.&nbsp;</p><p>&nbsp;</p><p><strong>GIỚI THIỆU VỀ&nbsp; TRẦM HƯƠNG SƠN HỒNG</strong></p><p>Đối với bạn trầm hương là sự may mắn, đối với Sơn Hồng, trầm hương là tâm huyết của gia đình chúng tôi. Với hơn 30 năm làm trầm, chúng tôi hiểu giá trị của Trầm Hương và mong muốn mang trầm hương Việt đến với người Việt cùng với lời chúc về sự thịnh vượng và may mắn trong cuộc sống.</p><p>&nbsp;</p><p><strong>CHÚNG TÔI CAM KẾT</strong></p><p>- Nguồn gốc đúng: Trầm Hương Việt Nam được giới chuyên về trầm đánh giá tốt nhất thế giới về mùi thơm cũng như chất lượng.</p><p>- Đúng &amp; đủ tuổi trầm như đã công bố: Chúng tôi cam kết sử dụng đúng loại trầm có số tuổi như đã công bố trên từng sản phẩm.&nbsp;</p><p>- 100% sử dụng nguyên liệu tự nhiên: Chúng tôi không sử dụng bất kỳ hoá chất tạo màu hoặc tạo mùi nào trong tất cả các sản phẩm về trầm hương của Sơn Hồng.</p><p><br><strong>QUY TRÌNH SẢN XUẤT VÒNG TRẦM HƯƠNG SƠN HỒNG</strong></p><p style="text-align: center;"><img src="https://file.hstatic.net/200000591825/file/qtct-5_b4fc5c3526894490bde30264cf1ee3ae_1024x1024.jpg"></p>',
  NULL,
  'VÒNG TRẦM HƯƠNG TIỂU NGƯ BẠC DÀNH CHO BÉ',
  'Vòng Trầm hương Tiểu Ngư bạc dành cho bé của Sơn Hồng là chiếc vòng tay được thiết kế với kích thước nhỏ và nhẹ nhàng. Chiếc vòng rất thích hợp với những bé từ 5 đến 12 tuổi. Hoặc cũng có thể làm lắc chân cho các bé nhỏ tuổi hơn.',
  'TRẦM HƯƠNG SƠN HỒNG',
  'VÒNG TAY',
  ARRAY['TRẺ EM'],
  'published',
  '2023-01-02T15:26:06+07:00'::timestamp,
  '2023-01-02T15:26:44+07:00'::timestamp
) ON CONFLICT (haravan_product_id) DO NOTHING;

INSERT INTO product_variants (
  product_id, haravan_variant_id, option1_name, option1_value,
  option2_name, option2_value, option3_name, option3_value,
  price, compare_at_price, sku, barcode, weight, inventory_quantity,
  inventory_policy, track_inventory, requires_shipping, taxable,
  unit, base_unit, conversion_rate, sell_by_unit
) VALUES (
  (SELECT id FROM products WHERE haravan_product_id = '1044297494'),
  '1097529137',
  'Title', 'vòng tiểu ngư bạc cho bé',
  NULL, NULL,
  NULL, NULL,
  880000, NULL,
  NULL, NULL,
  50, 10,
  'deny', true,
  true, true,
  NULL, NULL,
  NULL, false
) ON CONFLICT (haravan_variant_id) DO NOTHING;

INSERT INTO product_images (product_id, url, alt_text_vi, position, is_primary)
VALUES (
  (SELECT id FROM products WHERE haravan_product_id = '1044297494'),
  'https://product.hstatic.net/200000591825/product/eb6_c82f5cec6b3d492092287d455e0860b6.jpg',
  NULL,
  1,
  true
);

INSERT INTO product_images (product_id, url, alt_text_vi, position, is_primary)
VALUES (
  (SELECT id FROM products WHERE haravan_product_id = '1044297494'),
  'https://product.hstatic.net/200000591825/product/em_be_1_a5abe58e8ab146c780563cb8f7b8c23e.jpg',
  NULL,
  2,
  false
);


COMMIT;
