-- 002_import_haravan_products.sql - Part 10/18
-- Generated: 2025-10-25T04:17:01.379Z
-- Contains 12 complete product records
-- Each product includes: INSERT product + variants + images

BEGIN;

-- Product: TRẦM HƯƠNG CẢNH MINI - MẪU 7
INSERT INTO products (
  haravan_product_id, name_vi, slug, description_vi, excerpt_vi,
  seo_title_vi, seo_description_vi, brand, product_type, tags, status,
  haravan_created_at, haravan_updated_at
) VALUES (
  '1044096827',
  'TRẦM HƯƠNG CẢNH MINI - MẪU 7',
  'tram-huong-canh-mini-mau-7',
  '<h1 style="text-align: center;"><strong><span style="color:#f39c12">TRẦM HƯƠNG CẢNH MINI MẪU 7</span></strong></h1><p style="text-align: justify;"><strong>THÔNG TIN SẢN PHẨM</strong></p><table border="1" cellspacing="1" cellpadding="1" style="width:500px"><tbody><tr><td style="width:146px">KÍCH THƯỚC</td><td style="width:340px">&nbsp;</td></tr><tr><td style="width:146px">LOẠI TRẦM</td><td style="width:340px">Trầm hương tự nhiên</td></tr><tr><td style="width:146px">ĐẶC TÍNH</td><td style="width:340px">Mùi hương nhẹ nhàng, dịu ngọt</td></tr><tr><td style="width:146px">BẢO HÀNH</td><td style="width:340px">1 ĐỔI 1 trong vòng 1 THÁNG nếu có lỗi kỹ thuật</td></tr></tbody></table><p style="text-align: justify;"><br>&nbsp;</p><h2 style="text-align: justify;"><span style="color:#f39c12"><strong>MÔ TẢ SẢN PHẨM TRẦM HƯƠNG CẢNH MINI</strong></span></h2><p style="text-align: center"><img src="//file.hstatic.net/200000591825/file/tbmini7-1_f28df13c0555406a9fc83c1af3c7c1b2_grande.png"></p><p style="text-align: justify;">&nbsp;</p><p style="text-align: justify;"><strong>Trầm cảnh mini Sơn Hồng </strong>được sản xuất từ gỗ trầm hương thiên nhiên 100% với mùi thơm thoang thoảng, dịu nhẹ. Qua đôi bàn tay khéo léo của người nghệ nhân lành nghề, những khối trầm cảnh được tạo hình vô cùng bắt mắt và độc đáo.</p><p style="text-align: justify;">&nbsp;</p><p style="text-align: justify;">Trầm Hương rừng thiên nhiên trưng bầy trong nhà bảo vệ gia chủ khỏi các tai nạn và xui xẻo. Ngoài ra trưng bầy trầm hương trong nhà sẽ không bị ảnh hưởng bởi âm khí hóa giải được tiểu nhân ám hại .</p><p style="text-align: justify;">&nbsp;</p><p style="text-align: justify;">Trầm cảnh mini ngày càng được nhiều người “yêu trầm” tìm mua để trang trí hay làm quà tặng phong thuỷ ý nghĩa. Nghệ thuật thưởng Trầm sang trọng, quý phái thể hiện đẳng cấp của người chơi Trầm.</p><p style="text-align: justify;">&nbsp;</p><h2 style="text-align: justify;"><span style="color:#f39c12"><strong>CÔNG DỤNG CỦA TRẦM HƯƠNG CẢNH MINI SƠN HỒNG</strong></span></h2><p style="text-align: justify;">&nbsp;</p><p style="text-align: justify;">Việc đặt một khối trầm hương cảnh trong nhà với hương thơm nhẹ nhàng, tinh tế và thoang thoảng chính là giải pháp giải tỏa căng thẳng hiệu quả.&nbsp;</p><p style="text-align: justify;">&nbsp;</p><p style="text-align: justify;">Nếu đặt trầm cảnh trong gia đình, các thành viên đoàn kết và hòa thuận mang đến không gian thoải mái nhất cho cả nhà.&nbsp;</p><p style="text-align: justify;">&nbsp;</p><p style="text-align: justify;">Trầm cảnh cũng có tác dụng thu hút năng lượng tích cực, chiêu tài, rước lộc và mang đến may mắn cho gia chủ. Từ đó, trầm cảnh cũng có tác dụng hỗ trợ con đường sự nghiệp thăng hoa và việc buôn bán thuận lợi hơn bao giờ hết.</p><p style="text-align: justify;">&nbsp;</p><p style="text-align: justify;">Ngoài ra, Trầm Hương cảnh còn có tác dụng cao trong việc loại bỏ khí độc, thanh lọc không khí. Từ đó mang lại một không khí trong lành, bảo vệ cơ thể con người khỏi những ảnh hưởng xấu từ môi trường.</p><p style="text-align: justify;">&nbsp;</p><p style="text-align: justify;"><strong>VỊ TRÍ ĐẶT TRẦM CẢNH ĐỂ HỢP PHONG THUỶ</strong></p><p style="text-align: justify;">&nbsp;</p><p style="text-align: justify;">- Vì là vật linh thiêng nên cũng có quan niệm rằng nên đặt trầm cảnh ở những nơi thần tiên vào nhà hoặc ở cửa chính.</p><p style="text-align: justify;">- Đặt ở trên bàn học để giúp tinh thần thoải mái, tập trung và đạt được kết quả tốt</p><p style="text-align: justify;">- Đặt ở trên bàn làm việc sẽ giúp công việc hay những cuộc đàm phán trở lên tốt đẹp, suôn sẻ, thu hút tài lộc.</p><p style="text-align: justify;">&nbsp;</p><p style="text-align: justify;"><strong>VỀ TRẦM HƯƠNG VIỆT NAM</strong></p><p style="text-align: justify;">Gỗ trầm hương Việt Nam được giới chuyên gia về trầm đánh giá rất cao trên thế giới về mùi hương, cũng như chất lượng nhờ vào điều kiện khí hậu &amp; thổ nhưỡng đặc trưng của rừng rậm nhiệt đới, nơi mà cây trầm phát triển và tạo trầm tốt nhất. Trầm Hương Việt Nam thường sinh trưởng tại các khu rừng rậm nhiệt đới ở Quảng Nam, Tây Nguyên, Phú Quốc,.. nơi cho ra trầm tốt nhất thế giới.&nbsp;</p><p style="text-align: justify;">&nbsp;</p><p style="text-align: justify;"><strong>GIỚI THIỆU VỀ&nbsp;TRẦM HƯƠNG SƠN HỒNG</strong></p><p style="text-align: justify;">Đối với bạn trầm hương là sự may mắn, đối với Sơn Hồng, trầm hương là tâm huyết của gia đình chúng tôi. Với hơn 30 năm làm trầm, chúng tôi hiểu giá trị của Trầm Hương và mong muốn mang trầm hương Việt đến với người Việt cùng với lời chúc về sự thịnh vượng và may mắn trong cuộc sống.</p><p style="text-align: justify;">&nbsp;</p><p style="text-align: justify;"><strong>CHÚNG TÔI CAM KẾT</strong></p><p style="text-align: justify;">- Nguồn gốc đúng: Trầm Hương Việt Nam được giới chuyên về trầm đánh giá tốt nhất thế giới về mùi thơm cũng như chất lượng.</p><p style="text-align: justify;">- Đúng &amp; đủ tuổi trầm như đã công bố: Chúng tôi cam kết sử dụng đúng loại trầm có số tuổi như đã công bố trên từng sản phẩm.&nbsp;</p><p style="text-align: justify;">- 100% sử dụng nguyên liệu tự nhiên: Chúng tôi không sử dụng bất kỳ hoá chất tạo màu hoặc tạo mùi nào trong tất cả các sản phẩm về trầm hương của Sơn Hồng.</p><p style="text-align: justify;"><br>&nbsp;</p>',
  NULL,
  'TRẦM HƯƠNG CẢNH MINI - MẪU 7',
  'Trầm cảnh mini Sơn Hồng được sản xuất từ gỗ trầm hương thiên nhiên 100% với mùi thơm thoang thoảng, dịu nhẹ. Qua đôi bàn tay khéo léo của người nghệ nhân lành nghề, những khối trầm cảnh được tạo hình vô cùng bắt mắt và độc đáo.',
  'TRẦM HƯƠNG SƠN HỒNG',
  'Khác',
  ARRAY['trầm hương cảnh', 'trầm cảnh'],
  'published',
  '2022-12-27T11:30:50+07:00'::timestamp,
  '2022-12-31T15:15:30+07:00'::timestamp
) ON CONFLICT (haravan_product_id) DO NOTHING;

INSERT INTO product_variants (
  product_id, haravan_variant_id, option1_name, option1_value,
  option2_name, option2_value, option3_name, option3_value,
  price, compare_at_price, sku, barcode, weight, inventory_quantity,
  inventory_policy, track_inventory, requires_shipping, taxable,
  unit, base_unit, conversion_rate, sell_by_unit
) VALUES (
  (SELECT id FROM products WHERE haravan_product_id = '1044096827'),
  '1097135344',
  'Title', 'trầm hương cảnh mini mẫu 7',
  NULL, NULL,
  NULL, NULL,
  6800000, NULL,
  NULL, NULL,
  800, 1,
  'deny', true,
  true, true,
  NULL, NULL,
  NULL, false
) ON CONFLICT (haravan_variant_id) DO NOTHING;

INSERT INTO product_images (product_id, url, alt_text_vi, position, is_primary)
VALUES (
  (SELECT id FROM products WHERE haravan_product_id = '1044096827'),
  'https://product.hstatic.net/200000591825/product/tbmini7-1_1e3ced58283248878e9941f85924ff68.png',
  NULL,
  1,
  true
);

INSERT INTO product_images (product_id, url, alt_text_vi, position, is_primary)
VALUES (
  (SELECT id FROM products WHERE haravan_product_id = '1044096827'),
  'https://product.hstatic.net/200000591825/product/tbmini7-2_2a9919d6c4514899b7297a12fb31445b.png',
  NULL,
  2,
  false
);


-- Product: TRẦM HƯƠNG CẢNH MINI - MẪU 8
INSERT INTO products (
  haravan_product_id, name_vi, slug, description_vi, excerpt_vi,
  seo_title_vi, seo_description_vi, brand, product_type, tags, status,
  haravan_created_at, haravan_updated_at
) VALUES (
  '1044097320',
  'TRẦM HƯƠNG CẢNH MINI - MẪU 8',
  'tram-huong-canh-mini-mau-8',
  '<h1 style="text-align: center;"><strong><span style="color:#f39c12">TRẦM HƯƠNG CẢNH MINI MẪU 8</span></strong></h1><p style="text-align: justify;">&nbsp;</p><p style="text-align: justify;"><strong>THÔNG TIN SẢN PHẨM</strong></p><table border="1" cellspacing="1" cellpadding="1" style="width:500px"><tbody><tr><td style="width:137px">KÍCH THƯỚC</td><td style="width:349px">&nbsp;</td></tr><tr><td style="width:137px">LOẠI TRẦM</td><td style="width:349px">Trầm hương tự nhiên</td></tr><tr><td style="width:137px">ĐẶC TÍNH</td><td style="width:349px">Mùi hương nhẹ nhàng, dịu ngọt</td></tr><tr><td style="width:137px">BẢO HÀNH</td><td style="width:349px">1 ĐỔI 1 trong vòng 1 THÁNG nếu có lỗi kỹ thuật</td></tr></tbody></table><p style="text-align: justify;"><br>&nbsp;</p><h2 style="text-align: justify;"><span style="color:#f39c12"><strong>MÔ TẢ SẢN PHẨM TRẦM HƯƠNG CẢNH MINI</strong></span></h2><p style="text-align: center"><img src="//file.hstatic.net/200000591825/file/tbmini8-2_e5ec467c25504503abf5eb8dc75e7467_grande.png"></p><p style="text-align: justify;">&nbsp;</p><p style="text-align: justify;"><strong>Trầm hương cảnh mini Sơn Hồng</strong> được sản xuất từ gỗ trầm hương thiên nhiên 100% với mùi thơm thoang thoảng, dịu nhẹ. Qua đôi bàn tay khéo léo của người nghệ nhân lành nghề, những khối trầm cảnh được tạo hình vô cùng bắt mắt và độc đáo.</p><p style="text-align: justify;">&nbsp;</p><p style="text-align: justify;">Trầm Hương rừng thiên nhiên trưng bầy trong nhà bảo vệ gia chủ khỏi các tai nạn và xui xẻo. Ngoài ra trưng bầy trầm hương trong nhà sẽ không bị ảnh hưởng bởi âm khí hóa giải được tiểu nhân ám hại .</p><p style="text-align: justify;">&nbsp;</p><p style="text-align: justify;">Trầm cảnh mini ngày càng được nhiều người “yêu trầm” tìm mua để trang trí hay làm quà tặng phong thuỷ ý nghĩa. Nghệ thuật thưởng Trầm sang trọng, quý phái thể hiện đẳng cấp của người chơi Trầm.</p><p style="text-align: justify;">&nbsp;</p><h2 style="text-align: justify;"><span style="color:#f39c12"><strong>CÔNG DỤNG CỦA TRẦM HƯƠNG CẢNH MINI SƠN HỒNG</strong></span></h2><p style="text-align: justify;">&nbsp;</p><p style="text-align: justify;">Việc đặt một khối trầm hương cảnh trong nhà với hương thơm nhẹ nhàng, tinh tế và thoang thoảng chính là giải pháp giải tỏa căng thẳng hiệu quả.&nbsp;</p><p style="text-align: justify;">&nbsp;</p><p style="text-align: justify;">Nếu đặt trầm cảnh trong gia đình, các thành viên đoàn kết và hòa thuận mang đến không gian thoải mái nhất cho cả nhà.&nbsp;</p><p style="text-align: justify;">&nbsp;</p><p style="text-align: justify;">Trầm cảnh cũng có tác dụng thu hút năng lượng tích cực, chiêu tài, rước lộc và mang đến may mắn cho gia chủ. Từ đó, trầm cảnh cũng có tác dụng hỗ trợ con đường sự nghiệp thăng hoa và việc buôn bán thuận lợi hơn bao giờ hết.</p><p style="text-align: justify;">&nbsp;</p><p style="text-align: justify;">Ngoài ra, Trầm Hương cảnh còn có tác dụng cao trong việc loại bỏ khí độc, thanh lọc không khí. Từ đó mang lại một không khí trong lành, bảo vệ cơ thể con người khỏi những ảnh hưởng xấu từ môi trường.</p><p style="text-align: justify;">&nbsp;</p><h2 style="text-align: justify;"><span style="color:#f39c12"><strong>VỊ TRÍ ĐẶT TRẦM CẢNH ĐỂ HỢP PHONG THUỶ</strong></span></h2><p style="text-align: justify;">&nbsp;</p><p style="text-align: justify;">- Vì là vật linh thiêng nên cũng có quan niệm rằng nên đặt trầm cảnh ở những nơi thần tiên vào nhà hoặc ở cửa chính.</p><p style="text-align: justify;">- Đặt ở trên bàn học để giúp tinh thần thoải mái, tập trung và đạt được kết quả tốt</p><p style="text-align: justify;">- Đặt ở trên bàn làm việc sẽ giúp công việc hay những cuộc đàm phán trở lên tốt đẹp, suôn sẻ, thu hút tài lộc.</p><p style="text-align: justify;">&nbsp;</p><p style="text-align: justify;"><strong>VỀ TRẦM HƯƠNG VIỆT NAM</strong></p><p style="text-align: justify;">Gỗ trầm hương Việt Nam được giới chuyên gia về trầm đánh giá rất cao trên thế giới về mùi hương, cũng như chất lượng nhờ vào điều kiện khí hậu &amp; thổ nhưỡng đặc trưng của rừng rậm nhiệt đới, nơi mà cây trầm phát triển và tạo trầm tốt nhất. Trầm Hương Việt Nam thường sinh trưởng tại các khu rừng rậm nhiệt đới ở Quảng Nam, Tây Nguyên, Phú Quốc,.. nơi cho ra trầm tốt nhất thế giới.&nbsp;</p><p style="text-align: justify;">&nbsp;</p><p style="text-align: justify;"><strong>GIỚI THIỆU VỀ&nbsp; TRẦM HƯƠNG SƠN HỒNG</strong></p><p style="text-align: justify;">Đối với bạn trầm hương là sự may mắn, đối với Sơn Hồng, trầm hương là tâm huyết của gia đình chúng tôi. Với hơn 30 năm làm trầm, chúng tôi hiểu giá trị của Trầm Hương và mong muốn mang trầm hương Việt đến với người Việt cùng với lời chúc về sự thịnh vượng và may mắn trong cuộc sống.</p><p style="text-align: justify;">&nbsp;</p><p style="text-align: justify;"><strong>CHÚNG TÔI CAM KẾT</strong></p><p style="text-align: justify;">- Nguồn gốc đúng: Trầm Hương Việt Nam được giới chuyên về trầm đánh giá tốt nhất thế giới về mùi thơm cũng như chất lượng.</p><p style="text-align: justify;">- Đúng &amp; đủ tuổi trầm như đã công bố: Chúng tôi cam kết sử dụng đúng loại trầm có số tuổi như đã công bố trên từng sản phẩm.&nbsp;</p><p style="text-align: justify;">- 100% sử dụng nguyên liệu tự nhiên: Chúng tôi không sử dụng bất kỳ hoá chất tạo màu hoặc tạo mùi nào trong tất cả các sản phẩm về trầm hương của Sơn Hồng.</p><p style="text-align: justify;"><br>&nbsp;</p>',
  NULL,
  'TRẦM HƯƠNG CẢNH MINI - MẪU 8',
  'Trầm cảnh mini Sơn Hồng được sản xuất từ gỗ trầm hương thiên nhiên 100% với mùi thơm thoang thoảng, dịu nhẹ. Qua đôi bàn tay khéo léo của người nghệ nhân lành nghề, những khối trầm cảnh được tạo hình vô cùng bắt mắt và độc đáo.',
  'TRẦM HƯƠNG SƠN HỒNG',
  'Khác',
  ARRAY['trầm hương cảnh', 'trầm cảnh'],
  'published',
  '2022-12-27T11:37:00+07:00'::timestamp,
  '2022-12-31T15:16:01+07:00'::timestamp
) ON CONFLICT (haravan_product_id) DO NOTHING;

INSERT INTO product_variants (
  product_id, haravan_variant_id, option1_name, option1_value,
  option2_name, option2_value, option3_name, option3_value,
  price, compare_at_price, sku, barcode, weight, inventory_quantity,
  inventory_policy, track_inventory, requires_shipping, taxable,
  unit, base_unit, conversion_rate, sell_by_unit
) VALUES (
  (SELECT id FROM products WHERE haravan_product_id = '1044097320'),
  '1097135894',
  'Title', 'trầm hương cảnh mini mẫu 8',
  NULL, NULL,
  NULL, NULL,
  5000000, NULL,
  NULL, NULL,
  800, 1,
  'deny', true,
  true, true,
  NULL, NULL,
  NULL, false
) ON CONFLICT (haravan_variant_id) DO NOTHING;

INSERT INTO product_images (product_id, url, alt_text_vi, position, is_primary)
VALUES (
  (SELECT id FROM products WHERE haravan_product_id = '1044097320'),
  'https://product.hstatic.net/200000591825/product/tbmini8-1_eca91598c9124c60be4febad02b6481f.png',
  NULL,
  1,
  true
);

INSERT INTO product_images (product_id, url, alt_text_vi, position, is_primary)
VALUES (
  (SELECT id FROM products WHERE haravan_product_id = '1044097320'),
  'https://product.hstatic.net/200000591825/product/tbmini8-2_fcec0f4ded3f47e1a7950e2ba4a66215.png',
  NULL,
  2,
  false
);


-- Product: TRẦM HƯƠNG CẢNH MINI - MẪU 9
INSERT INTO products (
  haravan_product_id, name_vi, slug, description_vi, excerpt_vi,
  seo_title_vi, seo_description_vi, brand, product_type, tags, status,
  haravan_created_at, haravan_updated_at
) VALUES (
  '1044097856',
  'TRẦM HƯƠNG CẢNH MINI - MẪU 9',
  'tram-huong-canh-mini-mau-9',
  '<h1 style="text-align: center;"><strong><span style="color:#f39c12">TRẦM HƯƠNG CẢNH MINI MẪU 9</span></strong></h1><p style="text-align: justify;"><strong>THÔNG TIN SẢN PHẨM</strong></p><table border="1" cellspacing="1" cellpadding="1" style="width:500px"><tbody><tr><td style="width:182px">KÍCH THƯỚC</td><td style="width:304px">&nbsp;</td></tr><tr><td style="width:182px">LOẠI TRẦM</td><td style="width:304px">Trầm hương tự nhiên</td></tr><tr><td style="width:182px">ĐẶC TÍNH</td><td style="width:304px">Mùi hương nhẹ nhàng, dịu ngọt</td></tr><tr><td style="width:182px">BẢO HÀNH</td><td style="width:304px">1 ĐỔI 1 trong vòng 1 THÁNG nếu có lỗi kỹ thuật</td></tr></tbody></table><p style="text-align: justify;">&nbsp;</p><h2 style="text-align: justify;"><span style="color:#f39c12"><strong>MÔ TẢ SẢN PHẨM TRẦM HƯƠNG CẢNH MINI</strong></span></h2><p style="text-align: center"><img src="//file.hstatic.net/200000591825/file/tbmini9-2_17971d6f12154c6abd258f27dd89be58_grande.png"></p><p style="text-align: justify;">&nbsp;</p><p style="text-align: justify;"><strong>Trầm hương cảnh mini Sơn Hồng</strong> được sản xuất từ gỗ trầm hương thiên nhiên 100% với mùi thơm thoang thoảng, dịu nhẹ. Qua đôi bàn tay khéo léo của người nghệ nhân lành nghề, những khối trầm cảnh được tạo hình vô cùng bắt mắt và độc đáo.</p><p style="text-align: justify;">&nbsp;</p><p style="text-align: justify;">Trầm Hương rừng thiên nhiên trưng bầy trong nhà bảo vệ gia chủ khỏi các tai nạn và xui xẻo. Ngoài ra trưng bầy trầm hương trong nhà sẽ không bị ảnh hưởng bởi âm khí hóa giải được tiểu nhân ám hại .</p><p style="text-align: justify;">&nbsp;</p><p style="text-align: justify;">Trầm cảnh mini ngày càng được nhiều người “yêu trầm” tìm mua để trang trí hay làm quà tặng phong thuỷ ý nghĩa. Nghệ thuật thưởng Trầm sang trọng, quý phái thể hiện đẳng cấp của người chơi Trầm.</p><p style="text-align: justify;">&nbsp;</p><h2 style="text-align: justify;"><strong><span style="color:#f39c12">CÔNG DỤNG CỦA TRẦM HƯƠNG CẢNH MINI SƠN HỒNG</span></strong></h2><p style="text-align: justify;">&nbsp;</p><p style="text-align: justify;">Việc đặt một khối trầm hương cảnh trong nhà với hương thơm nhẹ nhàng, tinh tế và thoang thoảng chính là giải pháp giải tỏa căng thẳng hiệu quả.&nbsp;</p><p style="text-align: justify;">&nbsp;</p><p style="text-align: justify;">Nếu đặt trầm cảnh trong gia đình, các thành viên đoàn kết và hòa thuận mang đến không gian thoải mái nhất cho cả nhà.&nbsp;</p><p style="text-align: justify;">&nbsp;</p><p style="text-align: justify;">Trầm cảnh cũng có tác dụng thu hút năng lượng tích cực, chiêu tài, rước lộc và mang đến may mắn cho gia chủ. Từ đó, trầm cảnh cũng có tác dụng hỗ trợ con đường sự nghiệp thăng hoa và việc buôn bán thuận lợi hơn bao giờ hết.</p><p style="text-align: justify;">&nbsp;</p><p style="text-align: justify;">Ngoài ra, Trầm Hương cảnh còn có tác dụng cao trong việc loại bỏ khí độc, thanh lọc không khí. Từ đó mang lại một không khí trong lành, bảo vệ cơ thể con người khỏi những ảnh hưởng xấu từ môi trường.</p><p style="text-align: justify;">&nbsp;</p><h2 style="text-align: justify;"><strong><span style="color:#f39c12">VỊ TRÍ ĐẶT TRẦM CẢNH ĐỂ HỢP PHONG THUỶ</span></strong></h2><p style="text-align: justify;">&nbsp;</p><p style="text-align: justify;">- Vì là vật linh thiêng nên cũng có quan niệm rằng nên đặt trầm cảnh ở những nơi thần tiên vào nhà hoặc ở cửa chính.</p><p style="text-align: justify;">- Đặt ở trên bàn học để giúp tinh thần thoải mái, tập trung và đạt được kết quả tốt</p><p style="text-align: justify;">- Đặt ở trên bàn làm việc sẽ giúp công việc hay những cuộc đàm phán trở lên tốt đẹp, suôn sẻ, thu hút tài lộc.</p><p style="text-align: justify;">&nbsp;</p><p style="text-align: justify;"><strong>VỀ TRẦM HƯƠNG VIỆT NAM</strong></p><p style="text-align: justify;">Gỗ trầm hương Việt Nam được giới chuyên gia về trầm đánh giá rất cao trên thế giới về mùi hương, cũng như chất lượng nhờ vào điều kiện khí hậu &amp; thổ nhưỡng đặc trưng của rừng rậm nhiệt đới, nơi mà cây trầm phát triển và tạo trầm tốt nhất. Trầm Hương Việt Nam thường sinh trưởng tại các khu rừng rậm nhiệt đới ở Quảng Nam, Tây Nguyên, Phú Quốc,.. nơi cho ra trầm tốt nhất thế giới.&nbsp;</p><p style="text-align: justify;">&nbsp;</p><p style="text-align: justify;"><strong>GIỚI THIỆU VỀ&nbsp; TRẦM HƯƠNG SƠN HỒNG</strong></p><p style="text-align: justify;">Đối với bạn trầm hương là sự may mắn, đối với Sơn Hồng, trầm hương là tâm huyết của gia đình chúng tôi. Với hơn 30 năm làm trầm, chúng tôi hiểu giá trị của Trầm Hương và mong muốn mang trầm hương Việt đến với người Việt cùng với lời chúc về sự thịnh vượng và may mắn trong cuộc sống.</p><p style="text-align: justify;">&nbsp;</p><p style="text-align: justify;"><strong>CHÚNG TÔI CAM KẾT</strong></p><p style="text-align: justify;">- Nguồn gốc đúng: Trầm Hương Việt Nam được giới chuyên về trầm đánh giá tốt nhất thế giới về mùi thơm cũng như chất lượng.</p><p style="text-align: justify;">- Đúng &amp; đủ tuổi trầm như đã công bố: Chúng tôi cam kết sử dụng đúng loại trầm có số tuổi như đã công bố trên từng sản phẩm.&nbsp;</p><p style="text-align: justify;">- 100% sử dụng nguyên liệu tự nhiên: Chúng tôi không sử dụng bất kỳ hoá chất tạo màu hoặc tạo mùi nào trong tất cả các sản phẩm về trầm hương của Sơn Hồng.</p><p style="text-align: justify;"><br>&nbsp;</p>',
  NULL,
  'TRẦM HƯƠNG CẢNH MINI - MẪU 9',
  'Trầm cảnh mini ngày càng được nhiều người “yêu trầm” tìm mua để trang trí hay làm quà tặng phong thuỷ ý nghĩa. Nghệ thuật thưởng Trầm sang trọng, quý phái thể hiện đẳng cấp của người chơi Trầm.',
  'TRẦM HƯƠNG SƠN HỒNG',
  'Khác',
  ARRAY['trầm hương cảnh', 'trầm cảnh'],
  'published',
  '2022-12-27T11:43:18+07:00'::timestamp,
  '2022-12-31T15:16:26+07:00'::timestamp
) ON CONFLICT (haravan_product_id) DO NOTHING;

INSERT INTO product_variants (
  product_id, haravan_variant_id, option1_name, option1_value,
  option2_name, option2_value, option3_name, option3_value,
  price, compare_at_price, sku, barcode, weight, inventory_quantity,
  inventory_policy, track_inventory, requires_shipping, taxable,
  unit, base_unit, conversion_rate, sell_by_unit
) VALUES (
  (SELECT id FROM products WHERE haravan_product_id = '1044097856'),
  '1097136590',
  'Title', 'trầm hương cảnh mini mẫu 9',
  NULL, NULL,
  NULL, NULL,
  4800000, NULL,
  NULL, NULL,
  800, 1,
  'deny', true,
  true, true,
  NULL, NULL,
  NULL, false
) ON CONFLICT (haravan_variant_id) DO NOTHING;

INSERT INTO product_images (product_id, url, alt_text_vi, position, is_primary)
VALUES (
  (SELECT id FROM products WHERE haravan_product_id = '1044097856'),
  'https://product.hstatic.net/200000591825/product/tbmini9-1_4dfc7cd9889b477f86788b4b99e5e9db.png',
  NULL,
  1,
  true
);

INSERT INTO product_images (product_id, url, alt_text_vi, position, is_primary)
VALUES (
  (SELECT id FROM products WHERE haravan_product_id = '1044097856'),
  'https://product.hstatic.net/200000591825/product/tbmini9-2_6fcf6aeebaad472682e60346a0000d9c.png',
  NULL,
  2,
  false
);


-- Product: TRẦM HƯƠNG CẢNH MINI - MẪU 10
INSERT INTO products (
  haravan_product_id, name_vi, slug, description_vi, excerpt_vi,
  seo_title_vi, seo_description_vi, brand, product_type, tags, status,
  haravan_created_at, haravan_updated_at
) VALUES (
  '1044098317',
  'TRẦM HƯƠNG CẢNH MINI - MẪU 10',
  'tram-huong-canh-mini-mau-10',
  '<h1 style="text-align: center;"><strong><span style="color:#f39c12">TRẦM HƯƠNG CẢNH MINI MẪU 10</span></strong></h1><p style="text-align: justify;">&nbsp;</p><p style="text-align: justify;"><strong>THÔNG TIN SẢN PHẨM</strong></p><table border="1" cellspacing="1" cellpadding="1" style="width:500px"><tbody><tr><td style="width:152px">KÍCH THƯỚC</td><td style="width:334px">&nbsp;</td></tr><tr><td style="width:152px">LOẠI TRẦM</td><td style="width:334px">Trầm hương tự nhiên</td></tr><tr><td style="width:152px">ĐẶC TÍNH</td><td style="width:334px">Mùi hương nhẹ nhàng, dịu ngọt</td></tr><tr><td style="width:152px">BẢO HÀNH</td><td style="width:334px">1 ĐỔI 1 trong vòng 1 THÁNG nếu có lỗi kỹ thuật</td></tr></tbody></table><p style="text-align: justify;"><br>&nbsp;</p><h2 style="text-align: justify;"><span style="color:#f39c12"><strong>MÔ TẢ SẢN PHẨM TRẦM HƯƠNG CẢNH MINI</strong></span></h2><p style="text-align: center"><img src="//file.hstatic.net/200000591825/file/tbmini10-2_6d86b592fe7f4e50b9e1e1375990049d_grande.png"></p><p style="text-align: justify;">&nbsp;</p><p style="text-align: justify;"><strong>Trầm hương cảnh mini Sơn Hồng </strong>được sản xuất từ gỗ trầm hương thiên nhiên 100% với mùi thơm thoang thoảng, dịu nhẹ. Qua đôi bàn tay khéo léo của người nghệ nhân lành nghề, những khối trầm cảnh được tạo hình vô cùng bắt mắt và độc đáo.</p><p style="text-align: justify;">&nbsp;</p><p style="text-align: justify;">Trầm Hương rừng thiên nhiên trưng bầy trong nhà bảo vệ gia chủ khỏi các tai nạn và xui xẻo. Ngoài ra trưng bầy trầm hương trong nhà sẽ không bị ảnh hưởng bởi âm khí hóa giải được tiểu nhân ám hại .</p><p style="text-align: justify;">&nbsp;</p><p style="text-align: justify;">Trầm cảnh mini ngày càng được nhiều người “yêu trầm” tìm mua để trang trí hay làm quà tặng phong thuỷ ý nghĩa. Nghệ thuật thưởng Trầm sang trọng, quý phái thể hiện đẳng cấp của người chơi Trầm.</p><p style="text-align: justify;">&nbsp;</p><h2 style="text-align: justify;"><span style="color:#f39c12"><strong>CÔNG DỤNG CỦA TRẦM HƯƠNG CẢNH MINI SƠN HỒNG</strong></span></h2><p style="text-align: justify;">&nbsp;</p><p style="text-align: justify;">Việc đặt một khối trầm hương cảnh trong nhà với hương thơm nhẹ nhàng, tinh tế và thoang thoảng chính là giải pháp giải tỏa căng thẳng hiệu quả.&nbsp;</p><p style="text-align: justify;">&nbsp;</p><p style="text-align: justify;">Nếu đặt trầm cảnh trong gia đình, các thành viên đoàn kết và hòa thuận mang đến không gian thoải mái nhất cho cả nhà.&nbsp;</p><p style="text-align: justify;">&nbsp;</p><p style="text-align: justify;">Trầm cảnh cũng có tác dụng thu hút năng lượng tích cực, chiêu tài, rước lộc và mang đến may mắn cho gia chủ. Từ đó, trầm cảnh cũng có tác dụng hỗ trợ con đường sự nghiệp thăng hoa và việc buôn bán thuận lợi hơn bao giờ hết.</p><p style="text-align: justify;">&nbsp;</p><p style="text-align: justify;">Ngoài ra, Trầm Hương cảnh còn có tác dụng cao trong việc loại bỏ khí độc, thanh lọc không khí. Từ đó mang lại một không khí trong lành, bảo vệ cơ thể con người khỏi những ảnh hưởng xấu từ môi trường.</p><p style="text-align: justify;">&nbsp;</p><h2 style="text-align: justify;"><span style="color:#f39c12"><strong>VỊ TRÍ ĐẶT TRẦM CẢNH ĐỂ HỢP PHONG THUỶ</strong></span></h2><p style="text-align: justify;">&nbsp;</p><p style="text-align: justify;">- Vì là vật linh thiêng nên cũng có quan niệm rằng nên đặt trầm cảnh ở những nơi thần tiên vào nhà hoặc ở cửa chính.</p><p style="text-align: justify;">- Đặt ở trên bàn học để giúp tinh thần thoải mái, tập trung và đạt được kết quả tốt</p><p style="text-align: justify;">- Đặt ở trên bàn làm việc sẽ giúp công việc hay những cuộc đàm phán trở lên tốt đẹp, suôn sẻ, thu hút tài lộc.</p><p style="text-align: justify;">&nbsp;</p><p style="text-align: justify;"><strong>VỀ TRẦM HƯƠNG VIỆT NAM</strong></p><p style="text-align: justify;">Gỗ trầm hương Việt Nam được giới chuyên gia về trầm đánh giá rất cao trên thế giới về mùi hương, cũng như chất lượng nhờ vào điều kiện khí hậu &amp; thổ nhưỡng đặc trưng của rừng rậm nhiệt đới, nơi mà cây trầm phát triển và tạo trầm tốt nhất. Trầm Hương Việt Nam thường sinh trưởng tại các khu rừng rậm nhiệt đới ở Quảng Nam, Tây Nguyên, Phú Quốc,.. nơi cho ra trầm tốt nhất thế giới.&nbsp;</p><p style="text-align: justify;">&nbsp;</p><p style="text-align: justify;"><strong>GIỚI THIỆU VỀ&nbsp;TRẦM HƯƠNG SƠN HỒNG</strong></p><p style="text-align: justify;">Đối với bạn trầm hương là sự may mắn, đối với Sơn Hồng, trầm hương là tâm huyết của gia đình chúng tôi. Với hơn 30 năm làm trầm, chúng tôi hiểu giá trị của Trầm Hương và mong muốn mang trầm hương Việt đến với người Việt cùng với lời chúc về sự thịnh vượng và may mắn trong cuộc sống.</p><p style="text-align: justify;">&nbsp;</p><p style="text-align: justify;"><strong>CHÚNG TÔI CAM KẾT</strong></p><p style="text-align: justify;">- Nguồn gốc đúng: Trầm Hương Việt Nam được giới chuyên về trầm đánh giá tốt nhất thế giới về mùi thơm cũng như chất lượng.</p><p style="text-align: justify;">- Đúng &amp; đủ tuổi trầm như đã công bố: Chúng tôi cam kết sử dụng đúng loại trầm có số tuổi như đã công bố trên từng sản phẩm.&nbsp;</p><p style="text-align: justify;">- 100% sử dụng nguyên liệu tự nhiên: Chúng tôi không sử dụng bất kỳ hoá chất tạo màu hoặc tạo mùi nào trong tất cả các sản phẩm về trầm hương của Sơn Hồng.</p><p style="text-align: justify;"><br>&nbsp;</p>',
  NULL,
  'TRẦM HƯƠNG CẢNH MINI - MẪU 10',
  'Trầm cảnh cũng có tác dụng thu hút năng lượng tích cực, chiêu tài, rước lộc và mang đến may mắn cho gia chủ. Từ đó, trầm cảnh cũng có tác dụng hỗ trợ con đường sự nghiệp thăng hoa và việc buôn bán thuận lợi hơn bao giờ hết.',
  'TRẦM HƯƠNG SƠN HỒNG',
  'Khác',
  ARRAY['trầm hương cảnh', 'trầm cảnh'],
  'published',
  '2022-12-27T11:48:59+07:00'::timestamp,
  '2022-12-31T15:17:11+07:00'::timestamp
) ON CONFLICT (haravan_product_id) DO NOTHING;

INSERT INTO product_variants (
  product_id, haravan_variant_id, option1_name, option1_value,
  option2_name, option2_value, option3_name, option3_value,
  price, compare_at_price, sku, barcode, weight, inventory_quantity,
  inventory_policy, track_inventory, requires_shipping, taxable,
  unit, base_unit, conversion_rate, sell_by_unit
) VALUES (
  (SELECT id FROM products WHERE haravan_product_id = '1044098317'),
  '1097138450',
  'Title', 'trầm hương cảnh mini mẫu 10',
  NULL, NULL,
  NULL, NULL,
  5000000, NULL,
  NULL, NULL,
  800, 1,
  'deny', true,
  true, true,
  NULL, NULL,
  NULL, false
) ON CONFLICT (haravan_variant_id) DO NOTHING;

INSERT INTO product_images (product_id, url, alt_text_vi, position, is_primary)
VALUES (
  (SELECT id FROM products WHERE haravan_product_id = '1044098317'),
  'https://product.hstatic.net/200000591825/product/tbmini10-1_26fea13b20f54d458e678299a6fa4317.png',
  NULL,
  1,
  true
);

INSERT INTO product_images (product_id, url, alt_text_vi, position, is_primary)
VALUES (
  (SELECT id FROM products WHERE haravan_product_id = '1044098317'),
  'https://product.hstatic.net/200000591825/product/tbmini10-2_7de888f9176d4570a74713c88d31dd85.png',
  NULL,
  2,
  false
);


-- Product: TRẦM HƯƠNG CẢNH MINI - MẪU 11
INSERT INTO products (
  haravan_product_id, name_vi, slug, description_vi, excerpt_vi,
  seo_title_vi, seo_description_vi, brand, product_type, tags, status,
  haravan_created_at, haravan_updated_at
) VALUES (
  '1044098983',
  'TRẦM HƯƠNG CẢNH MINI - MẪU 11',
  'tram-huong-canh-mini-mau-11',
  '<h1 style="text-align: center;"><strong><span style="color:#f39c12">TRẦM HƯƠNG CẢNH MINI&nbsp;MẪU 11</span></strong></h1><p style="text-align: justify;"><strong>THÔNG TIN SẢN PHẨM</strong></p><table border="1" cellspacing="1" cellpadding="1" style="width:500px"><tbody><tr><td style="width:163px">KÍCH THƯỚC</td><td style="width:323px">&nbsp;</td></tr><tr><td style="width:163px">LOẠI TRẦM</td><td style="width:323px">Trầm hương tự nhiên</td></tr><tr><td style="width:163px">ĐẶC TÍNH</td><td style="width:323px">Mùi hương nhẹ nhàng, dịu ngọt</td></tr><tr><td style="width:163px">BẢO HÀNH</td><td style="width:323px">1 ĐỔI 1 trong vòng 1 THÁNG nếu có lỗi kỹ thuật</td></tr></tbody></table><p style="text-align: justify;"><br>&nbsp;</p><h2 style="text-align: justify;"><span style="color:#f39c12"><strong>MÔ TẢ SẢN PHẨM TRẦM HƯƠNG CẢNH MINI</strong></span></h2><p style="text-align: center"><img src="//file.hstatic.net/200000591825/file/tbmini11-2_d27e7c884ed04cc799934d3b61335d8a_grande.png"></p><p style="text-align: justify;">&nbsp;</p><p style="text-align: justify;"><strong>Trầm hương cảnh mini Sơn Hồng</strong> được sản xuất từ gỗ trầm hương thiên nhiên 100% với mùi thơm thoang thoảng, dịu nhẹ. Qua đôi bàn tay khéo léo của người nghệ nhân lành nghề, những khối trầm cảnh được tạo hình vô cùng bắt mắt và độc đáo.</p><p style="text-align: justify;">&nbsp;</p><p style="text-align: justify;">Trầm Hương rừng thiên nhiên trưng bầy trong nhà bảo vệ gia chủ khỏi các tai nạn và xui xẻo. Ngoài ra trưng bầy trầm hương trong nhà sẽ không bị ảnh hưởng bởi âm khí hóa giải được tiểu nhân ám hại .</p><p style="text-align: justify;">&nbsp;</p><p style="text-align: justify;">Trầm cảnh mini ngày càng được nhiều người “yêu trầm” tìm mua để trang trí hay làm quà tặng phong thuỷ ý nghĩa. Nghệ thuật thưởng Trầm sang trọng, quý phái thể hiện đẳng cấp của người chơi Trầm.</p><p style="text-align: justify;">&nbsp;</p><h2 style="text-align: justify;"><strong><span style="color:#f39c12">CÔNG DỤNG CỦA TRẦM HƯƠNG CẢNH MINI SƠN HỒNG</span></strong></h2><p style="text-align: justify;">&nbsp;</p><p style="text-align: justify;">Việc đặt một khối trầm hương cảnh trong nhà với hương thơm nhẹ nhàng, tinh tế và thoang thoảng chính là giải pháp giải tỏa căng thẳng hiệu quả.&nbsp;</p><p style="text-align: justify;">&nbsp;</p><p style="text-align: justify;">Nếu đặt trầm cảnh trong gia đình, các thành viên đoàn kết và hòa thuận mang đến không gian thoải mái nhất cho cả nhà.&nbsp;</p><p style="text-align: justify;">&nbsp;</p><p style="text-align: justify;">Trầm cảnh cũng có tác dụng thu hút năng lượng tích cực, chiêu tài, rước lộc và mang đến may mắn cho gia chủ. Từ đó, trầm cảnh cũng có tác dụng hỗ trợ con đường sự nghiệp thăng hoa và việc buôn bán thuận lợi hơn bao giờ hết.</p><p style="text-align: justify;">&nbsp;</p><p style="text-align: justify;">Ngoài ra, Trầm Hương cảnh còn có tác dụng cao trong việc loại bỏ khí độc, thanh lọc không khí. Từ đó mang lại một không khí trong lành, bảo vệ cơ thể con người khỏi những ảnh hưởng xấu từ môi trường.</p><p style="text-align: justify;">&nbsp;</p><h2 style="text-align: justify;"><span style="color:#f39c12"><strong>VỊ TRÍ ĐẶT TRẦM CẢNH ĐỂ HỢP PHONG THUỶ</strong></span></h2><p style="text-align: justify;">&nbsp;</p><p style="text-align: justify;">- Vì là vật linh thiêng nên cũng có quan niệm rằng nên đặt trầm cảnh ở những nơi thần tiên vào nhà hoặc ở cửa chính.</p><p style="text-align: justify;">- Đặt ở trên bàn học để giúp tinh thần thoải mái, tập trung và đạt được kết quả tốt</p><p style="text-align: justify;">- Đặt ở trên bàn làm việc sẽ giúp công việc hay những cuộc đàm phán trở lên tốt đẹp, suôn sẻ, thu hút tài lộc.</p><p style="text-align: justify;">&nbsp;</p><p style="text-align: justify;"><strong>VỀ TRẦM HƯƠNG VIỆT NAM</strong></p><p style="text-align: justify;">Gỗ trầm hương Việt Nam được giới chuyên gia về trầm đánh giá rất cao trên thế giới về mùi hương, cũng như chất lượng nhờ vào điều kiện khí hậu &amp; thổ nhưỡng đặc trưng của rừng rậm nhiệt đới, nơi mà cây trầm phát triển và tạo trầm tốt nhất. Trầm Hương Việt Nam thường sinh trưởng tại các khu rừng rậm nhiệt đới ở Quảng Nam, Tây Nguyên, Phú Quốc,.. nơi cho ra trầm tốt nhất thế giới.&nbsp;</p><p style="text-align: justify;">&nbsp;</p><p style="text-align: justify;"><strong>GIỚI THIỆU VỀ&nbsp; TRẦM HƯƠNG SƠN HỒNG</strong></p><p style="text-align: justify;">Đối với bạn trầm hương là sự may mắn, đối với Sơn Hồng, trầm hương là tâm huyết của gia đình chúng tôi. Với hơn 30 năm làm trầm, chúng tôi hiểu giá trị của Trầm Hương và mong muốn mang trầm hương Việt đến với người Việt cùng với lời chúc về sự thịnh vượng và may mắn trong cuộc sống.</p><p style="text-align: justify;">&nbsp;</p><p style="text-align: justify;"><strong>CHÚNG TÔI CAM KẾT</strong></p><p style="text-align: justify;">- Nguồn gốc đúng: Trầm Hương Việt Nam được giới chuyên về trầm đánh giá tốt nhất thế giới về mùi thơm cũng như chất lượng.</p><p style="text-align: justify;">- Đúng &amp; đủ tuổi trầm như đã công bố: Chúng tôi cam kết sử dụng đúng loại trầm có số tuổi như đã công bố trên từng sản phẩm.&nbsp;</p><p style="text-align: justify;">- 100% sử dụng nguyên liệu tự nhiên: Chúng tôi không sử dụng bất kỳ hoá chất tạo màu hoặc tạo mùi nào trong tất cả các sản phẩm về trầm hương của Sơn Hồng.<br>&nbsp;</p>',
  NULL,
  'TRẦM HƯƠNG CẢNH MINI - MẪU 11',
  'Trầm cảnh mini ngày càng được nhiều người “yêu trầm” tìm mua để trang trí hay làm quà tặng phong thuỷ ý nghĩa. Nghệ thuật thưởng Trầm sang trọng, quý phái thể hiện đẳng cấp của người chơi Trầm.',
  'TRẦM HƯƠNG SƠN HỒNG',
  'Khác',
  ARRAY['trầm hương cảnh', 'trầm cảnh'],
  'published',
  '2022-12-27T11:58:31+07:00'::timestamp,
  '2022-12-31T15:17:39+07:00'::timestamp
) ON CONFLICT (haravan_product_id) DO NOTHING;

INSERT INTO product_variants (
  product_id, haravan_variant_id, option1_name, option1_value,
  option2_name, option2_value, option3_name, option3_value,
  price, compare_at_price, sku, barcode, weight, inventory_quantity,
  inventory_policy, track_inventory, requires_shipping, taxable,
  unit, base_unit, conversion_rate, sell_by_unit
) VALUES (
  (SELECT id FROM products WHERE haravan_product_id = '1044098983'),
  '1097140033',
  'Title', 'trầm hương cảnh mini mẫu 11',
  NULL, NULL,
  NULL, NULL,
  3000000, NULL,
  NULL, NULL,
  800, 1,
  'deny', true,
  true, true,
  NULL, NULL,
  NULL, false
) ON CONFLICT (haravan_variant_id) DO NOTHING;

INSERT INTO product_images (product_id, url, alt_text_vi, position, is_primary)
VALUES (
  (SELECT id FROM products WHERE haravan_product_id = '1044098983'),
  'https://product.hstatic.net/200000591825/product/tbmini11-1_1a935dc7c3384b0d9a58e9912119eaee.png',
  NULL,
  1,
  true
);

INSERT INTO product_images (product_id, url, alt_text_vi, position, is_primary)
VALUES (
  (SELECT id FROM products WHERE haravan_product_id = '1044098983'),
  'https://product.hstatic.net/200000591825/product/tbmini11-2_76dcb6d1a2d1438fabd8f22cdf21643e.png',
  NULL,
  2,
  false
);


-- Product: TRẦM HƯƠNG CẢNH MINI - MẪU 12
INSERT INTO products (
  haravan_product_id, name_vi, slug, description_vi, excerpt_vi,
  seo_title_vi, seo_description_vi, brand, product_type, tags, status,
  haravan_created_at, haravan_updated_at
) VALUES (
  '1044099366',
  'TRẦM HƯƠNG CẢNH MINI - MẪU 12',
  'tram-huong-canh-mini-mau-12',
  '<h1 style="text-align: center;"><span style="color:#f39c12"><strong>TRẦM HƯƠNG CẢNH MINI MẪU 12</strong></span></h1><p style="text-align: justify;"><strong>THÔNG TIN SẢN PHẨM</strong></p><table border="1" cellspacing="1" cellpadding="1" style="width:500px"><tbody><tr><td style="width:152px">KÍCH THƯỚC</td><td style="width:334px">&nbsp;</td></tr><tr><td style="width:152px">LOẠI TRẦM</td><td style="width:334px">Trầm hương tự nhiên</td></tr><tr><td style="width:152px">ĐẶC TÍNH</td><td style="width:334px">Mùi hương nhẹ nhàng, dịu ngọt</td></tr><tr><td style="width:152px">BẢO HÀNH</td><td style="width:334px">1 ĐỔI 1 trong vòng 1 THÁNG nếu có lỗi kỹ thuật</td></tr></tbody></table><p style="text-align: justify;"><br>&nbsp;</p><h2 style="text-align: justify;"><span style="color:#f39c12"><strong>MÔ TẢ SẢN PHẨM TRẦM HƯƠNG CẢNH MINI</strong></span></h2><p style="text-align: center"><img src="//file.hstatic.net/200000591825/file/tbmini12-2_19db92263bf140d09d72262c5350a19f_grande.png"></p><p style="text-align: justify;">&nbsp;</p><p style="text-align: justify;"><strong>Trầm hương cảnh mini Sơn Hồng </strong>được sản xuất từ gỗ trầm hương thiên nhiên 100% với mùi thơm thoang thoảng, dịu nhẹ. Qua đôi bàn tay khéo léo của người nghệ nhân lành nghề, những khối trầm cảnh được tạo hình vô cùng bắt mắt và độc đáo.</p><p style="text-align: justify;">&nbsp;</p><p style="text-align: justify;">Trầm Hương rừng thiên nhiên trưng bầy trong nhà bảo vệ gia chủ khỏi các tai nạn và xui xẻo. Ngoài ra trưng bầy trầm hương trong nhà sẽ không bị ảnh hưởng bởi âm khí hóa giải được tiểu nhân ám hại .</p><p style="text-align: justify;">&nbsp;</p><p style="text-align: justify;">Trầm cảnh mini ngày càng được nhiều người “yêu trầm” tìm mua để trang trí hay làm quà tặng phong thuỷ ý nghĩa. Nghệ thuật thưởng Trầm sang trọng, quý phái thể hiện đẳng cấp của người chơi Trầm.</p><p style="text-align: justify;">&nbsp;</p><h2 style="text-align: justify;"><strong><span style="color:#f39c12">CÔNG DỤNG CỦA TRẦM HƯƠNG CẢNH MINI SƠN HỒNG</span></strong></h2><p style="text-align: justify;">&nbsp;</p><p style="text-align: justify;">Việc đặt một khối trầm hương cảnh trong nhà với hương thơm nhẹ nhàng, tinh tế và thoang thoảng chính là giải pháp giải tỏa căng thẳng hiệu quả.&nbsp;</p><p style="text-align: justify;">&nbsp;</p><p style="text-align: justify;">Nếu đặt trầm cảnh trong gia đình, các thành viên đoàn kết và hòa thuận mang đến không gian thoải mái nhất cho cả nhà.&nbsp;</p><p style="text-align: justify;">&nbsp;</p><p style="text-align: justify;">Trầm cảnh cũng có tác dụng thu hút năng lượng tích cực, chiêu tài, rước lộc và mang đến may mắn cho gia chủ. Từ đó, trầm cảnh cũng có tác dụng hỗ trợ con đường sự nghiệp thăng hoa và việc buôn bán thuận lợi hơn bao giờ hết.</p><p style="text-align: justify;">&nbsp;</p><p style="text-align: justify;">Ngoài ra, Trầm Hương cảnh còn có tác dụng cao trong việc loại bỏ khí độc, thanh lọc không khí. Từ đó mang lại một không khí trong lành, bảo vệ cơ thể con người khỏi những ảnh hưởng xấu từ môi trường.</p><p style="text-align: justify;">&nbsp;</p><h2 style="text-align: justify;"><span style="color:#f39c12"><strong>VỊ TRÍ ĐẶT TRẦM CẢNH ĐỂ HỢP PHONG THUỶ</strong></span></h2><p style="text-align: justify;">&nbsp;</p><p style="text-align: justify;">- Vì là vật linh thiêng nên cũng có quan niệm rằng nên đặt trầm cảnh ở những nơi thần tiên vào nhà hoặc ở cửa chính.</p><p style="text-align: justify;">- Đặt ở trên bàn học để giúp tinh thần thoải mái, tập trung và đạt được kết quả tốt</p><p style="text-align: justify;">- Đặt ở trên bàn làm việc sẽ giúp công việc hay những cuộc đàm phán trở lên tốt đẹp, suôn sẻ, thu hút tài lộc.</p><p style="text-align: justify;">&nbsp;</p><p style="text-align: justify;"><strong>VỀ TRẦM HƯƠNG VIỆT NAM</strong></p><p style="text-align: justify;">Gỗ trầm hương Việt Nam được giới chuyên gia về trầm đánh giá rất cao trên thế giới về mùi hương, cũng như chất lượng nhờ vào điều kiện khí hậu &amp; thổ nhưỡng đặc trưng của rừng rậm nhiệt đới, nơi mà cây trầm phát triển và tạo trầm tốt nhất. Trầm Hương Việt Nam thường sinh trưởng tại các khu rừng rậm nhiệt đới ở Quảng Nam, Tây Nguyên, Phú Quốc,.. nơi cho ra trầm tốt nhất thế giới.&nbsp;</p><p style="text-align: justify;">&nbsp;</p><p style="text-align: justify;"><strong>GIỚI THIỆU VỀ&nbsp; TRẦM HƯƠNG SƠN HỒNG</strong></p><p style="text-align: justify;">Đối với bạn trầm hương là sự may mắn, đối với Sơn Hồng, trầm hương là tâm huyết của gia đình chúng tôi. Với hơn 30 năm làm trầm, chúng tôi hiểu giá trị của Trầm Hương và mong muốn mang trầm hương Việt đến với người Việt cùng với lời chúc về sự thịnh vượng và may mắn trong cuộc sống.</p><p style="text-align: justify;">&nbsp;</p><p style="text-align: justify;"><strong>CHÚNG TÔI CAM KẾT</strong></p><p style="text-align: justify;">- Nguồn gốc đúng: Trầm Hương Việt Nam được giới chuyên về trầm đánh giá tốt nhất thế giới về mùi thơm cũng như chất lượng.</p><p style="text-align: justify;">- Đúng &amp; đủ tuổi trầm như đã công bố: Chúng tôi cam kết sử dụng đúng loại trầm có số tuổi như đã công bố trên từng sản phẩm.&nbsp;</p><p style="text-align: justify;">- 100% sử dụng nguyên liệu tự nhiên: Chúng tôi không sử dụng bất kỳ hoá chất tạo màu hoặc tạo mùi nào trong tất cả các sản phẩm về trầm hương của Sơn Hồng.</p><p style="text-align: justify;"><br>&nbsp;</p>',
  NULL,
  'TRẦM HƯƠNG CẢNH MINI - MẪU 12',
  'Trầm cảnh mini Sơn Hồng được sản xuất từ gỗ trầm hương thiên nhiên 100% với mùi thơm thoang thoảng, dịu nhẹ. Qua đôi bàn tay khéo léo của người nghệ nhân lành nghề, những khối trầm cảnh được tạo hình vô cùng bắt mắt và độc đáo.',
  'TRẦM HƯƠNG SƠN HỒNG',
  'Khác',
  ARRAY['trầm hương cảnh', 'trầm cảnh'],
  'published',
  '2022-12-27T12:02:54+07:00'::timestamp,
  '2022-12-31T15:18:06+07:00'::timestamp
) ON CONFLICT (haravan_product_id) DO NOTHING;

INSERT INTO product_variants (
  product_id, haravan_variant_id, option1_name, option1_value,
  option2_name, option2_value, option3_name, option3_value,
  price, compare_at_price, sku, barcode, weight, inventory_quantity,
  inventory_policy, track_inventory, requires_shipping, taxable,
  unit, base_unit, conversion_rate, sell_by_unit
) VALUES (
  (SELECT id FROM products WHERE haravan_product_id = '1044099366'),
  '1097140488',
  'Title', 'trầm hương cảnh mini mẫu 12',
  NULL, NULL,
  NULL, NULL,
  3000000, NULL,
  NULL, NULL,
  800, 1,
  'deny', true,
  true, true,
  NULL, NULL,
  NULL, false
) ON CONFLICT (haravan_variant_id) DO NOTHING;

INSERT INTO product_images (product_id, url, alt_text_vi, position, is_primary)
VALUES (
  (SELECT id FROM products WHERE haravan_product_id = '1044099366'),
  'https://product.hstatic.net/200000591825/product/tbmini12-1_c05979e863624e0da3cf5fbca9700881.png',
  NULL,
  1,
  true
);

INSERT INTO product_images (product_id, url, alt_text_vi, position, is_primary)
VALUES (
  (SELECT id FROM products WHERE haravan_product_id = '1044099366'),
  'https://product.hstatic.net/200000591825/product/tbmini12-2_6cd294fbe57043cfa049b9f68587f968.png',
  NULL,
  2,
  false
);


-- Product: TRẦM HƯƠNG CẢNH MINI - MẪU 13
INSERT INTO products (
  haravan_product_id, name_vi, slug, description_vi, excerpt_vi,
  seo_title_vi, seo_description_vi, brand, product_type, tags, status,
  haravan_created_at, haravan_updated_at
) VALUES (
  '1044136347',
  'TRẦM HƯƠNG CẢNH MINI - MẪU 13',
  'tram-huong-canh-mini-mau-13',
  '<h1 style="text-align: center;"><span style="color:#f39c12"><strong>TRẦM HƯƠNG CẢNH MINI MẪU 13</strong></span></h1><p style="text-align: justify;"><strong>THÔNG TIN SẢN PHẨM</strong><br>&nbsp;</p><table border="1" cellspacing="1" cellpadding="1" style="width:500px"><tbody><tr><td style="width:138px">KÍCH THƯỚC</td><td style="width:348px">&nbsp;</td></tr><tr><td style="width:138px">LOẠI TRẦM</td><td style="width:348px">Trầm hương tự nhiên</td></tr><tr><td style="width:138px">ĐẶC TÍNH</td><td style="width:348px">Mùi hương nhẹ nhàng, dịu ngọt</td></tr><tr><td style="width:138px">BẢO HÀNH</td><td style="width:348px">&nbsp;1 ĐỔI 1 trong vòng 1 THÁNG nếu có lỗi kỹ thuật</td></tr></tbody></table><h2 style="text-align: justify;">&nbsp;</h2><h2 style="text-align: justify;"><span style="color:#f39c12"><strong>MÔ TẢ SẢN PHẨM TRẦM HƯƠNG CẢNH MINI</strong></span></h2><p style="text-align: justify;">&nbsp;</p><p style="text-align: justify;"><strong>Trầm hương cảnh mini Sơn Hồng</strong> được sản xuất từ gỗ trầm hương thiên nhiên 100% với mùi thơm thoang thoảng, dịu nhẹ. Qua đôi bàn tay khéo léo của người nghệ nhân lành nghề, những khối trầm cảnh được tạo hình vô cùng bắt mắt và độc đáo.</p><p style="text-align: justify;">&nbsp;</p><p style="text-align: justify;">Trầm cảnh mini ngày càng được nhiều người “yêu trầm” tìm mua để trang trí hay làm quà tặng phong thuỷ ý nghĩa. Nghệ thuật thưởng Trầm sang trọng, quý phái thể hiện đẳng cấp của người chơi Trầm.</p><p style="text-align: justify;">&nbsp;</p><h2 style="text-align: justify;"><span style="color:#f39c12"><strong>CÔNG DỤNG CỦA TRẦM HƯƠNG CẢNH MINI SƠN HỒNG</strong></span></h2><p style="text-align: justify;">&nbsp;</p><p style="text-align: justify;">Việc đặt một khối trầm hương cảnh trong nhà với hương thơm nhẹ nhàng, tinh tế và thoang thoảng chính là giải pháp giải tỏa căng thẳng hiệu quả.&nbsp;</p><p style="text-align: justify;">&nbsp;</p><p style="text-align: justify;">Nếu đặt trầm cảnh trong gia đình, các thành viên đoàn kết và hòa thuận mang đến không gian thoải mái nhất cho cả nhà.&nbsp;</p><p style="text-align: justify;">&nbsp;</p><p style="text-align: justify;">Trầm cảnh cũng có tác dụng thu hút năng lượng tích cực, chiêu tài, rước lộc và mang đến may mắn cho gia chủ. Từ đó, trầm cảnh cũng có tác dụng hỗ trợ con đường sự nghiệp thăng hoa và việc buôn bán thuận lợi hơn bao giờ hết.</p><p style="text-align: justify;">&nbsp;</p><p style="text-align: justify;">Ngoài ra, Trầm Hương cảnh còn có tác dụng cao trong việc loại bỏ khí độc, thanh lọc không khí. Từ đó mang lại một không khí trong lành, bảo vệ cơ thể con người khỏi những ảnh hưởng xấu từ môi trường.</p><p style="text-align: justify;">&nbsp;</p><h2 style="text-align: justify;"><span style="color:#f39c12"><strong>VỊ TRÍ ĐẶT TRẦM CẢNH ĐỂ HỢP PHONG THUỶ</strong></span></h2><p style="text-align: justify;">&nbsp;</p><p style="text-align: justify;">- Vì là vật linh thiêng nên cũng có quan niệm rằng nên đặt trầm cảnh ở những nơi thần tiên vào nhà hoặc ở cửa chính.</p><p style="text-align: justify;">- Đặt ở trên bàn học để giúp tinh thần thoải mái, tập trung và đạt được kết quả tốt</p><p style="text-align: justify;">- Đặt ở trên bàn làm việc sẽ giúp công việc hay những cuộc đàm phán trở lên tốt đẹp, suôn sẻ, thu hút tài lộc.</p><p style="text-align: justify;">&nbsp;</p><p style="text-align: justify;"><strong>VỀ TRẦM HƯƠNG VIỆT NAM</strong></p><p style="text-align: justify;">Gỗ trầm hương Việt Nam được giới chuyên gia về trầm đánh giá rất cao trên thế giới về mùi hương, cũng như chất lượng nhờ vào điều kiện khí hậu &amp; thổ nhưỡng đặc trưng của rừng rậm nhiệt đới, nơi mà cây trầm phát triển và tạo trầm tốt nhất. Trầm Hương Việt Nam thường sinh trưởng tại các khu rừng rậm nhiệt đới ở Quảng Nam, Tây Nguyên, Phú Quốc,.. nơi cho ra trầm tốt nhất thế giới.&nbsp;</p><p style="text-align: justify;">&nbsp;</p><p style="text-align: justify;"><strong>GIỚI THIỆU VỀ&nbsp; TRẦM HƯƠNG SƠN HỒNG</strong></p><p style="text-align: justify;">Đối với bạn trầm hương là sự may mắn, đối với Sơn Hồng, trầm hương là tâm huyết của gia đình chúng tôi. Với hơn 30 năm làm trầm, chúng tôi hiểu giá trị của Trầm Hương và mong muốn mang trầm hương Việt đến với người Việt cùng với lời chúc về sự thịnh vượng và may mắn trong cuộc sống.</p><p style="text-align: justify;">&nbsp;</p><p style="text-align: justify;"><strong>CHÚNG TÔI CAM KẾT</strong></p><p style="text-align: justify;">- Nguồn gốc đúng: Trầm Hương Việt Nam được giới chuyên về trầm đánh giá tốt nhất thế giới về mùi thơm cũng như chất lượng.</p><p style="text-align: justify;">- Đúng &amp; đủ tuổi trầm như đã công bố: Chúng tôi cam kết sử dụng đúng loại trầm có số tuổi như đã công bố trên từng sản phẩm.&nbsp;</p><p style="text-align: justify;">- 100% sử dụng nguyên liệu tự nhiên: Chúng tôi không sử dụng bất kỳ hoá chất tạo màu hoặc tạo mùi nào trong tất cả các sản phẩm về trầm hương của Sơn Hồng.</p><p style="text-align: justify;">&nbsp;</p>',
  NULL,
  'TRẦM HƯƠNG CẢNH MINI - MẪU 13',
  'Trầm hương cảnh mini Sơn Hồng được sản xuất từ gỗ trầm hương thiên nhiên 100% với mùi thơm thoang thoảng, dịu nhẹ. Qua đôi bàn tay khéo léo của người nghệ nhân lành nghề, những khối trầm cảnh được tạo hình vô cùng bắt mắt và độc đáo.',
  'TRẦM HƯƠNG SƠN HỒNG',
  'Khác',
  ARRAY['trầm hương cảnh', 'trầm cảnh'],
  'published',
  '2022-12-27T20:25:19+07:00'::timestamp,
  '2022-12-31T15:18:42+07:00'::timestamp
) ON CONFLICT (haravan_product_id) DO NOTHING;

INSERT INTO product_variants (
  product_id, haravan_variant_id, option1_name, option1_value,
  option2_name, option2_value, option3_name, option3_value,
  price, compare_at_price, sku, barcode, weight, inventory_quantity,
  inventory_policy, track_inventory, requires_shipping, taxable,
  unit, base_unit, conversion_rate, sell_by_unit
) VALUES (
  (SELECT id FROM products WHERE haravan_product_id = '1044136347'),
  '1097191573',
  'Title', 'trầm hương cảnh mẫu 14',
  NULL, NULL,
  NULL, NULL,
  1500000, NULL,
  NULL, NULL,
  800, 1,
  'deny', true,
  true, true,
  NULL, NULL,
  NULL, false
) ON CONFLICT (haravan_variant_id) DO NOTHING;

INSERT INTO product_images (product_id, url, alt_text_vi, position, is_primary)
VALUES (
  (SELECT id FROM products WHERE haravan_product_id = '1044136347'),
  'https://product.hstatic.net/200000591825/product/tbmini13-1_fad3b620764f41a6a71cd267e33c39f8.png',
  NULL,
  1,
  true
);

INSERT INTO product_images (product_id, url, alt_text_vi, position, is_primary)
VALUES (
  (SELECT id FROM products WHERE haravan_product_id = '1044136347'),
  'https://product.hstatic.net/200000591825/product/tbmini13-2_661bc742f7e94346bea2ae7a780223b3.png',
  NULL,
  2,
  false
);


-- Product: TRẦM HƯƠNG CẢNH MINI - MẪU 14
INSERT INTO products (
  haravan_product_id, name_vi, slug, description_vi, excerpt_vi,
  seo_title_vi, seo_description_vi, brand, product_type, tags, status,
  haravan_created_at, haravan_updated_at
) VALUES (
  '1044136419',
  'TRẦM HƯƠNG CẢNH MINI - MẪU 14',
  'tram-huong-canh-mini-mau-14',
  '<h1 style="text-align: center;"><span style="color:#f39c12"><strong>TRẦM HƯƠNG CẢNH MINI MẪU 14</strong></span></h1><p style="text-align: justify;"><strong>THÔNG TIN SẢN PHẨM</strong></p><table border="1" cellspacing="1" cellpadding="1" style="width:500px"><tbody><tr><td style="width:151px">KÍCH THƯỚC</td><td style="width:335px">&nbsp;</td></tr><tr><td style="width:151px">LOẠI TRẦM</td><td style="width:335px">Trầm hương tự nhiên</td></tr><tr><td style="width:151px">ĐẶC TÍNH</td><td style="width:335px">Mùi hương nhẹ nhàng, dịu ngọt</td></tr><tr><td style="width:151px">BẢO HÀNH</td><td style="width:335px">1 ĐỔI 1 trong vòng 1 THÁNG nếu có lỗi kỹ thuật</td></tr></tbody></table><h2 style="text-align: justify;">&nbsp;</h2><h2 style="text-align: justify;"><span style="color:#f39c12"><strong>MÔ TẢ SẢN PHẨM TRẦM HƯƠNG CẢNH MINI</strong></span></h2><p style="text-align: center"><img src="//file.hstatic.net/200000591825/file/tbmini14-1_f9c479e9f47d4dcca2cf77d19e20cbfe_grande.png"></p><p style="text-align: justify;">&nbsp;</p><p style="text-align: justify;"><strong>Trầm cảnh mini Sơn Hồng</strong> được sản xuất từ gỗ trầm hương thiên nhiên 100% với mùi thơm thoang thoảng, dịu nhẹ. Qua đôi bàn tay khéo léo của người nghệ nhân lành nghề, những khối trầm cảnh được tạo hình vô cùng bắt mắt và độc đáo.</p><p style="text-align: justify;">&nbsp;</p><p style="text-align: justify;">Trầm Hương cảnh rừng thiên nhiên trưng bầy trong nhà bảo vệ gia chủ khỏi các tai nạn và xui xẻo. Ngoài ra trưng bầy trầm hương trong nhà sẽ không bị ảnh hưởng bởi âm khí hóa giải được tiểu nhân ám hại.</p><p style="text-align: justify;">&nbsp;</p><h2 style="text-align: justify;"><span style="color:#f39c12"><strong>CÔNG DỤNG CỦA TRẦM HƯƠNG CẢNH MINI SƠN HỒNG</strong></span></h2><p style="text-align: justify;">&nbsp;</p><p style="text-align: justify;">Việc đặt một khối trầm hương cảnh trong nhà với hương thơm nhẹ nhàng, tinh tế và thoang thoảng chính là giải pháp giải tỏa căng thẳng hiệu quả.&nbsp;</p><p style="text-align: justify;">&nbsp;</p><p style="text-align: justify;">Trầm cảnh cũng có tác dụng thu hút năng lượng tích cực, chiêu tài, rước lộc và mang đến may mắn cho gia chủ. Từ đó, trầm cảnh cũng có tác dụng hỗ trợ con đường sự nghiệp thăng hoa và việc buôn bán thuận lợi hơn bao giờ hết.</p><p style="text-align: justify;">&nbsp;</p><p style="text-align: justify;">Ngoài ra, Trầm Hương cảnh còn có tác dụng cao trong việc loại bỏ khí độc, thanh lọc không khí. Từ đó mang lại một không khí trong lành, bảo vệ cơ thể con người khỏi những ảnh hưởng xấu từ môi trường.</p><p style="text-align: justify;">&nbsp;</p><h2 style="text-align: justify;"><span style="color:#f39c12"><strong>VỊ TRÍ ĐẶT TRẦM CẢNH ĐỂ HỢP PHONG THUỶ</strong></span></h2><div>&nbsp;</div><p style="text-align: justify;">- Vì là vật linh thiêng nên cũng có quan niệm rằng nên đặt trầm cảnh ở những nơi thần tiên vào nhà hoặc ở cửa chính.</p><p style="text-align: justify;">- Đặt ở trên bàn học để giúp tinh thần thoải mái, tập trung và đạt được kết quả tốt</p><p style="text-align: justify;">- Đặt ở trên bàn làm việc sẽ giúp công việc hay những cuộc đàm phán trở lên tốt đẹp, suôn sẻ, thu hút tài lộc.</p><p style="text-align: justify;">&nbsp;</p><p style="text-align: justify;"><strong>VỀ TRẦM HƯƠNG VIỆT NAM</strong></p><p style="text-align: justify;">Gỗ trầm hương Việt Nam được giới chuyên gia về trầm đánh giá rất cao trên thế giới về mùi hương, cũng như chất lượng nhờ vào điều kiện khí hậu &amp; thổ nhưỡng đặc trưng của rừng rậm nhiệt đới, nơi mà cây trầm phát triển và tạo trầm tốt nhất. Trầm Hương Việt Nam thường sinh trưởng tại các khu rừng rậm nhiệt đới ở Quảng Nam, Tây Nguyên, Phú Quốc,.. nơi cho ra trầm tốt nhất thế giới.&nbsp;</p><p style="text-align: justify;">&nbsp;</p><p style="text-align: justify;"><strong>GIỚI THIỆU VỀ&nbsp;TRẦM HƯƠNG SƠN HỒNG</strong></p><p style="text-align: justify;">Đối với bạn trầm hương là sự may mắn, đối với Sơn Hồng, trầm hương là tâm huyết của gia đình chúng tôi. Với hơn 30 năm làm trầm, chúng tôi hiểu giá trị của Trầm Hương và mong muốn mang trầm hương Việt đến với người Việt cùng với lời chúc về sự thịnh vượng và may mắn trong cuộc sống.</p><p style="text-align: justify;">&nbsp;</p><p style="text-align: justify;"><strong>CHÚNG TÔI CAM KẾT</strong></p><p style="text-align: justify;">- Nguồn gốc đúng: Trầm Hương Việt Nam được giới chuyên về trầm đánh giá tốt nhất thế giới về mùi thơm cũng như chất lượng.</p><p style="text-align: justify;">- Đúng &amp; đủ tuổi trầm như đã công bố: Chúng tôi cam kết sử dụng đúng loại trầm có số tuổi như đã công bố trên từng sản phẩm.&nbsp;</p><p style="text-align: justify;">- 100% sử dụng nguyên liệu tự nhiên: Chúng tôi không sử dụng bất kỳ hoá chất tạo màu hoặc tạo mùi nào trong tất cả các sản phẩm về trầm hương của Sơn Hồng.</p><p style="text-align: justify;"><br>&nbsp;</p>',
  NULL,
  'TRẦM HƯƠNG CẢNH MINI - MẪU 14',
  'Trầm cảnh mini Sơn Hồng được sản xuất từ gỗ trầm hương thiên nhiên 100% với mùi thơm thoang thoảng, dịu nhẹ. Qua đôi bàn tay khéo léo của người nghệ nhân lành nghề, những khối trầm cảnh được tạo hình vô cùng bắt mắt và độc đáo.',
  'TRẦM HƯƠNG SƠN HỒNG',
  'Khác',
  ARRAY['trầm hương cảnh', 'trầm cảnh'],
  'published',
  '2022-12-27T20:32:22+07:00'::timestamp,
  '2022-12-31T15:19:10+07:00'::timestamp
) ON CONFLICT (haravan_product_id) DO NOTHING;

INSERT INTO product_variants (
  product_id, haravan_variant_id, option1_name, option1_value,
  option2_name, option2_value, option3_name, option3_value,
  price, compare_at_price, sku, barcode, weight, inventory_quantity,
  inventory_policy, track_inventory, requires_shipping, taxable,
  unit, base_unit, conversion_rate, sell_by_unit
) VALUES (
  (SELECT id FROM products WHERE haravan_product_id = '1044136419'),
  '1097191664',
  'Title', 'trầm hương cảnh mini mẫu 14',
  NULL, NULL,
  NULL, NULL,
  2500000, NULL,
  NULL, NULL,
  800, 1,
  'deny', true,
  true, true,
  NULL, NULL,
  NULL, false
) ON CONFLICT (haravan_variant_id) DO NOTHING;

INSERT INTO product_images (product_id, url, alt_text_vi, position, is_primary)
VALUES (
  (SELECT id FROM products WHERE haravan_product_id = '1044136419'),
  'https://product.hstatic.net/200000591825/product/tbmini14-1_7207a0c5473c47218a0b52f2be3e76de.png',
  NULL,
  1,
  true
);

INSERT INTO product_images (product_id, url, alt_text_vi, position, is_primary)
VALUES (
  (SELECT id FROM products WHERE haravan_product_id = '1044136419'),
  'https://product.hstatic.net/200000591825/product/tbmini14-2_e050c3f87ca14f87a4cf81732e2487a5.png',
  NULL,
  2,
  false
);


-- Product: TRẦM HƯƠNG CẢNH MINI - MẪU 15
INSERT INTO products (
  haravan_product_id, name_vi, slug, description_vi, excerpt_vi,
  seo_title_vi, seo_description_vi, brand, product_type, tags, status,
  haravan_created_at, haravan_updated_at
) VALUES (
  '1044136440',
  'TRẦM HƯƠNG CẢNH MINI - MẪU 15',
  'tram-huong-canh-mini-mau-15',
  '<h1 style="text-align: center;"><span style="color:#f39c12"><strong>TRẦM HƯƠNG CẢNH MINI MẪU 15</strong></span></h1><p style="text-align: justify;"><strong>THÔNG TIN SẢN PHẨM</strong></p><table border="1" cellspacing="1" cellpadding="1" style="width:500px"><tbody><tr><td style="width:153px">KÍCH THƯỚC</td><td style="width:333px">&nbsp;</td></tr><tr><td style="width:153px">LOẠI TRẦM</td><td style="width:333px">Trầm hương tự nhiên</td></tr><tr><td style="width:153px">ĐẶC TÍNH</td><td style="width:333px">Mùi hương nhẹ nhàng, dịu ngọt</td></tr><tr><td style="width:153px">BẢO HÀNH</td><td style="width:333px">1 ĐỔI 1 trong vòng 1 THÁNG nếu có lỗi kỹ thuật</td></tr></tbody></table><p style="text-align: justify;"><br>&nbsp;</p><h2 style="text-align: justify;"><span style="color:#f39c12"><strong>MÔ TẢ SẢN PHẨM TRẦM HƯƠNG CẢNH MINI</strong></span></h2><div>&nbsp;</div><p style="text-align: center"><img src="//file.hstatic.net/200000591825/file/tbmini15-1_72bff6e7ea4640e4bceb0d6330fbb35a_grande.png"></p><p style="text-align: justify;">&nbsp;</p><p style="text-align: justify;"><strong>Trầm Hương cảnh mini Sơn Hồng</strong> được sản xuất từ gỗ trầm hương thiên nhiên 100% với mùi thơm thoang thoảng, dịu nhẹ. Qua đôi bàn tay khéo léo của người nghệ nhân lành nghề, những khối trầm cảnh được tạo hình vô cùng bắt mắt và độc đáo.</p><p style="text-align: justify;">&nbsp;</p><p style="text-align: justify;">Trầm cảnh mini của thương hiệu Trầm Hương&nbsp;Sơn Hồng ngày càng được nhiều người “yêu trầm” tìm mua để trang trí hay làm quà tặng phong thuỷ ý nghĩa. Nghệ thuật thưởng Trầm sang trọng, quý phái thể hiện đẳng cấp của người chơi Trầm.</p><p style="text-align: justify;">&nbsp;</p><h2 style="text-align: justify;"><span style="color:#f39c12"><strong>CÔNG DỤNG CỦA TRẦM HƯƠNG CẢNH MINI SƠN HỒNG</strong></span></h2><p style="text-align: justify;">&nbsp;</p><p style="text-align: justify;">Việc đặt một khối trầm hương cảnh trong nhà với hương thơm nhẹ nhàng, tinh tế và thoang thoảng chính là giải pháp giải tỏa căng thẳng hiệu quả.&nbsp;</p><p style="text-align: justify;">&nbsp;</p><p style="text-align: justify;">Nếu đặt trầm cảnh trong gia đình, các thành viên đoàn kết và hòa thuận mang đến không gian thoải mái nhất cho cả nhà.&nbsp;</p><p style="text-align: justify;">&nbsp;</p><p style="text-align: justify;">Trầm cảnh cũng có tác dụng thu hút năng lượng tích cực, chiêu tài, rước lộc và mang đến may mắn cho gia chủ. Từ đó, trầm cảnh cũng có tác dụng hỗ trợ con đường sự nghiệp thăng hoa và việc buôn bán thuận lợi hơn bao giờ hết.</p><p style="text-align: justify;">&nbsp;</p><p style="text-align: justify;">Ngoài ra, Trầm Hương cảnh còn có tác dụng cao trong việc loại bỏ khí độc, thanh lọc không khí. Từ đó mang lại một không khí trong lành, bảo vệ cơ thể con người khỏi những ảnh hưởng xấu từ môi trường.</p><p style="text-align: justify;">&nbsp;</p><h2 style="text-align: justify;"><span style="color:#f39c12"><strong>VỊ TRÍ ĐẶT TRẦM CẢNH ĐỂ HỢP PHONG THUỶ</strong></span></h2><p style="text-align: justify;">&nbsp;</p><p style="text-align: justify;">- Vì là vật linh thiêng nên cũng có quan niệm rằng nên đặt trầm cảnh ở những nơi thần tiên vào nhà hoặc ở cửa chính.</p><p style="text-align: justify;">- Đặt ở trên bàn học để giúp tinh thần thoải mái, tập trung và đạt được kết quả tốt</p><p style="text-align: justify;">- Đặt ở trên bàn làm việc sẽ giúp công việc hay những cuộc đàm phán trở lên tốt đẹp, suôn sẻ, thu hút tài lộc.</p><p style="text-align: justify;">&nbsp;</p><p style="text-align: justify;"><strong>VỀ TRẦM HƯƠNG VIỆT NAM</strong></p><p style="text-align: justify;">Gỗ trầm hương Việt Nam được giới chuyên gia về trầm đánh giá rất cao trên thế giới về mùi hương, cũng như chất lượng nhờ vào điều kiện khí hậu &amp; thổ nhưỡng đặc trưng của rừng rậm nhiệt đới, nơi mà cây trầm phát triển và tạo trầm tốt nhất. Trầm Hương Việt Nam thường sinh trưởng tại các khu rừng rậm nhiệt đới ở Quảng Nam, Tây Nguyên, Phú Quốc,.. nơi cho ra trầm tốt nhất thế giới.&nbsp;</p><p style="text-align: justify;">&nbsp;</p><p style="text-align: justify;"><strong>GIỚI THIỆU VỀ&nbsp; TRẦM HƯƠNG SƠN HỒNG</strong></p><p style="text-align: justify;">Đối với bạn trầm hương là sự may mắn, đối với Sơn Hồng, trầm hương là tâm huyết của gia đình chúng tôi. Với hơn 30 năm làm trầm, chúng tôi hiểu giá trị của Trầm Hương và mong muốn mang trầm hương Việt đến với người Việt cùng với lời chúc về sự thịnh vượng và may mắn trong cuộc sống.</p><p style="text-align: justify;">&nbsp;</p><p style="text-align: justify;"><strong>CHÚNG TÔI CAM KẾT</strong></p><p style="text-align: justify;">- Nguồn gốc đúng: Trầm Hương Việt Nam được giới chuyên về trầm đánh giá tốt nhất thế giới về mùi thơm cũng như chất lượng.</p><p style="text-align: justify;">- Đúng &amp; đủ tuổi trầm như đã công bố: Chúng tôi cam kết sử dụng đúng loại trầm có số tuổi như đã công bố trên từng sản phẩm.&nbsp;</p><p style="text-align: justify;">- 100% sử dụng nguyên liệu tự nhiên: Chúng tôi không sử dụng bất kỳ hoá chất tạo màu hoặc tạo mùi nào trong tất cả các sản phẩm về trầm hương của Sơn Hồng.</p><p style="text-align: justify;"><br>&nbsp;</p>',
  NULL,
  'TRẦM HƯƠNG CẢNH MINI - MẪU 15',
  'Trầm Hương cảnh mini của thương hiệu Trầm Hương Sơn Hồng ngày càng được nhiều người “yêu trầm” tìm mua để trang trí hay làm quà tặng phong thuỷ ý nghĩa. Nghệ thuật thưởng Trầm sang trọng, quý phái thể hiện đẳng cấp của người chơi Trầm.',
  'TRẦM HƯƠNG SƠN HỒNG',
  'Khác',
  ARRAY['trầm hương cảnh'],
  'published',
  '2022-12-27T20:36:44+07:00'::timestamp,
  '2022-12-31T15:19:49+07:00'::timestamp
) ON CONFLICT (haravan_product_id) DO NOTHING;

INSERT INTO product_variants (
  product_id, haravan_variant_id, option1_name, option1_value,
  option2_name, option2_value, option3_name, option3_value,
  price, compare_at_price, sku, barcode, weight, inventory_quantity,
  inventory_policy, track_inventory, requires_shipping, taxable,
  unit, base_unit, conversion_rate, sell_by_unit
) VALUES (
  (SELECT id FROM products WHERE haravan_product_id = '1044136440'),
  '1097191722',
  'Title', 'trầm hương cảnh mini mẫu 15',
  NULL, NULL,
  NULL, NULL,
  2000000, NULL,
  NULL, NULL,
  1000, 1,
  'deny', true,
  true, true,
  NULL, NULL,
  NULL, false
) ON CONFLICT (haravan_variant_id) DO NOTHING;

INSERT INTO product_images (product_id, url, alt_text_vi, position, is_primary)
VALUES (
  (SELECT id FROM products WHERE haravan_product_id = '1044136440'),
  'https://product.hstatic.net/200000591825/product/tbmini15-1_f4ec96c4744b40ff8c7b001a28d9fd2d.png',
  NULL,
  1,
  true
);

INSERT INTO product_images (product_id, url, alt_text_vi, position, is_primary)
VALUES (
  (SELECT id FROM products WHERE haravan_product_id = '1044136440'),
  'https://product.hstatic.net/200000591825/product/tbmini15-2_bbb0b177777e40c4876fe41c9b0041c7.png',
  NULL,
  2,
  false
);


-- Product: TRẦM HƯƠNG CẢNH MINI - MẪU 16
INSERT INTO products (
  haravan_product_id, name_vi, slug, description_vi, excerpt_vi,
  seo_title_vi, seo_description_vi, brand, product_type, tags, status,
  haravan_created_at, haravan_updated_at
) VALUES (
  '1044136515',
  'TRẦM HƯƠNG CẢNH MINI - MẪU 16',
  'tram-huong-canh-mini-mau-16',
  '<h1 style="text-align: center;"><strong><span style="color:#f39c12">TRẦM HƯƠNG CẢNH MINI&nbsp;MẪU 16</span></strong></h1><p style="text-align: justify;"><strong>THÔNG TIN SẢN PHẨM</strong></p><table border="1" cellspacing="1" cellpadding="1" style="width:500px"><tbody><tr><td style="width:148px">KÍCH THƯỚC</td><td style="width:338px">&nbsp;</td></tr><tr><td style="width:148px">LOẠI TRẦM</td><td style="width:338px">Trầm hương tự nhiên</td></tr><tr><td style="width:148px">ĐẶC TÍNH</td><td style="width:338px">Mùi hương nhẹ nhàng, dịu ngọt</td></tr><tr><td style="width:148px">BẢO HÀNH</td><td style="width:338px">1 ĐỔI 1 trong vòng 1 THÁNG nếu có lỗi kỹ thuật</td></tr></tbody></table><p style="text-align: justify;"><br>&nbsp;</p><h2 style="text-align: justify;"><span style="color:#f39c12"><strong>MÔ TẢ SẢN PHẨM TRẦM HƯƠNG CẢNH MINI</strong></span></h2><div>&nbsp;</div><p style="text-align: center"><img src="//file.hstatic.net/200000591825/file/tbmini16-2_4ae825c55fa2492ab86970ffa2ba47c4_grande.png"></p><p style="text-align: justify;">&nbsp;</p><p style="text-align: justify;"><strong>Trầm Hương cảnh mini Sơn Hồng</strong> được sản xuất từ gỗ trầm hương thiên nhiên 100% với mùi thơm thoang thoảng, dịu nhẹ. Qua đôi bàn tay khéo léo của người nghệ nhân lành nghề, những khối trầm cảnh được tạo hình vô cùng bắt mắt và độc đáo.</p><p style="text-align: justify;">&nbsp;</p><p style="text-align: justify;">Trầm Hương rừng thiên nhiên trưng bầy trong nhà bảo vệ gia chủ khỏi các tai nạn và xui xẻo. Ngoài ra trưng bầy trầm hương trong nhà sẽ không bị ảnh hưởng bởi âm khí hóa giải được tiểu nhân ám hại .</p><p style="text-align: justify;">&nbsp;</p><p style="text-align: justify;">Trầm cảnh mini ngày càng được nhiều người “yêu trầm” tìm mua để trang trí hay làm quà tặng phong thuỷ ý nghĩa. Nghệ thuật thưởng Trầm sang trọng, quý phái thể hiện đẳng cấp của người chơi Trầm.</p><p style="text-align: justify;">&nbsp;</p><h2 style="text-align: justify;"><span style="color:#f39c12">CÔNG DỤNG CỦA TRẦM HƯƠNG CẢNH MINI SƠN HỒNG</span></h2><p style="text-align: justify;">&nbsp;</p><p style="text-align: justify;">Việc đặt một khối trầm hương cảnh trong nhà với hương thơm nhẹ nhàng, tinh tế và thoang thoảng chính là giải pháp giải tỏa căng thẳng hiệu quả.&nbsp;</p><p style="text-align: justify;">&nbsp;</p><p style="text-align: justify;">Nếu đặt trầm cảnh trong gia đình, các thành viên đoàn kết và hòa thuận mang đến không gian thoải mái nhất cho cả nhà.&nbsp;</p><p style="text-align: justify;">&nbsp;</p><p style="text-align: justify;">Trầm cảnh cũng có tác dụng thu hút năng lượng tích cực, chiêu tài, rước lộc và mang đến may mắn cho gia chủ. Từ đó, trầm cảnh cũng có tác dụng hỗ trợ con đường sự nghiệp thăng hoa và việc buôn bán thuận lợi hơn bao giờ hết.</p><p style="text-align: justify;">&nbsp;</p><p style="text-align: justify;">Ngoài ra, Trầm Hương cảnh còn có tác dụng cao trong việc loại bỏ khí độc, thanh lọc không khí. Từ đó mang lại một không khí trong lành, bảo vệ cơ thể con người khỏi những ảnh hưởng xấu từ môi trường.</p><p style="text-align: justify;">&nbsp;</p><h2 style="text-align: justify;"><span style="color:#f39c12"><strong>VỊ TRÍ ĐẶT TRẦM CẢNH ĐỂ HỢP PHONG THUỶ</strong></span></h2><p style="text-align: justify;">&nbsp;</p><p style="text-align: justify;">- Vì là vật linh thiêng nên cũng có quan niệm rằng nên đặt trầm cảnh ở những nơi thần tiên vào nhà hoặc ở cửa chính.</p><p style="text-align: justify;">- Đặt ở trên bàn học để giúp tinh thần thoải mái, tập trung và đạt được kết quả tốt</p><p style="text-align: justify;">- Đặt ở trên bàn làm việc sẽ giúp công việc hay những cuộc đàm phán trở lên tốt đẹp, suôn sẻ, thu hút tài lộc.</p><p style="text-align: justify;">&nbsp;</p><p style="text-align: justify;"><strong>VỀ TRẦM HƯƠNG VIỆT NAM</strong></p><p style="text-align: justify;">Gỗ trầm hương Việt Nam được giới chuyên gia về trầm đánh giá rất cao trên thế giới về mùi hương, cũng như chất lượng nhờ vào điều kiện khí hậu &amp; thổ nhưỡng đặc trưng của rừng rậm nhiệt đới, nơi mà cây trầm phát triển và tạo trầm tốt nhất. Trầm Hương Việt Nam thường sinh trưởng tại các khu rừng rậm nhiệt đới ở Quảng Nam, Tây Nguyên, Phú Quốc,.. nơi cho ra trầm tốt nhất thế giới.&nbsp;</p><p style="text-align: justify;">&nbsp;</p><p style="text-align: justify;"><strong>GIỚI THIỆU VỀ&nbsp; TRẦM HƯƠNG SƠN HỒNG</strong></p><p style="text-align: justify;">Đối với bạn trầm hương là sự may mắn, đối với Sơn Hồng, trầm hương là tâm huyết của gia đình chúng tôi. Với hơn 30 năm làm trầm, chúng tôi hiểu giá trị của Trầm Hương và mong muốn mang trầm hương Việt đến với người Việt cùng với lời chúc về sự thịnh vượng và may mắn trong cuộc sống.</p><p style="text-align: justify;">&nbsp;</p><p style="text-align: justify;"><strong>CHÚNG TÔI CAM KẾT</strong></p><p style="text-align: justify;">- Nguồn gốc đúng: Trầm Hương Việt Nam được giới chuyên về trầm đánh giá tốt nhất thế giới về mùi thơm cũng như chất lượng.</p><p style="text-align: justify;">- Đúng &amp; đủ tuổi trầm như đã công bố: Chúng tôi cam kết sử dụng đúng loại trầm có số tuổi như đã công bố trên từng sản phẩm.&nbsp;</p><p style="text-align: justify;">- 100% sử dụng nguyên liệu tự nhiên: Chúng tôi không sử dụng bất kỳ hoá chất tạo màu hoặc tạo mùi nào trong tất cả các sản phẩm về trầm hương của Sơn Hồng.</p><p style="text-align: justify;"><br>&nbsp;</p>',
  NULL,
  'TRẦM HƯƠNG CẢNH MINI - MẪU 16',
  'Trầm Hương cảnh mini Sơn Hồng được sản xuất từ gỗ trầm hương thiên nhiên 100% với mùi thơm thoang thoảng, dịu nhẹ. Qua đôi bàn tay khéo léo của người nghệ nhân lành nghề, những khối trầm cảnh được tạo hình vô cùng bắt mắt và độc đáo.',
  'TRẦM HƯƠNG SƠN HỒNG',
  'Khác',
  ARRAY['trầm hương cảnh'],
  'published',
  '2022-12-27T20:41:16+07:00'::timestamp,
  '2022-12-31T15:20:14+07:00'::timestamp
) ON CONFLICT (haravan_product_id) DO NOTHING;

INSERT INTO product_variants (
  product_id, haravan_variant_id, option1_name, option1_value,
  option2_name, option2_value, option3_name, option3_value,
  price, compare_at_price, sku, barcode, weight, inventory_quantity,
  inventory_policy, track_inventory, requires_shipping, taxable,
  unit, base_unit, conversion_rate, sell_by_unit
) VALUES (
  (SELECT id FROM products WHERE haravan_product_id = '1044136515'),
  '1097191923',
  'Title', 'trầm hương cảnh mini mẫu 16',
  NULL, NULL,
  NULL, NULL,
  2000000, NULL,
  NULL, NULL,
  1000, 1,
  'deny', true,
  true, true,
  NULL, NULL,
  NULL, false
) ON CONFLICT (haravan_variant_id) DO NOTHING;

INSERT INTO product_images (product_id, url, alt_text_vi, position, is_primary)
VALUES (
  (SELECT id FROM products WHERE haravan_product_id = '1044136515'),
  'https://product.hstatic.net/200000591825/product/tbmini16-1_d35b131b94af4d95b836822a529f04a7.png',
  NULL,
  1,
  true
);

INSERT INTO product_images (product_id, url, alt_text_vi, position, is_primary)
VALUES (
  (SELECT id FROM products WHERE haravan_product_id = '1044136515'),
  'https://product.hstatic.net/200000591825/product/tbmini16-2_7cf9146221b346279dde54a9f0055692.png',
  NULL,
  2,
  false
);


-- Product: TRẦM HƯƠNG CẢNH MINI - MẪU 17
INSERT INTO products (
  haravan_product_id, name_vi, slug, description_vi, excerpt_vi,
  seo_title_vi, seo_description_vi, brand, product_type, tags, status,
  haravan_created_at, haravan_updated_at
) VALUES (
  '1044136570',
  'TRẦM HƯƠNG CẢNH MINI - MẪU 17',
  'tram-huong-canh-mini-mau-17',
  '<h1 style="text-align: center;"><span style="color:#f39c12"><strong>TRẦM HƯƠNG CẢNH MINI&nbsp;MẪU 17</strong></span></h1><p style="text-align: justify;"><strong>THÔNG TIN SẢN PHẨM</strong><br>&nbsp;</p><table border="1" cellspacing="1" cellpadding="1" style="width:500px"><tbody><tr><td style="width:151px">KÍCH THƯỚC</td><td style="width:335px">&nbsp;</td></tr><tr><td style="width:151px">LOẠI TRẦM</td><td style="width:335px">Trầm hương tự nhiên</td></tr><tr><td style="width:151px">ĐẶC TÍNH</td><td style="width:335px">Mùi hương nhẹ nhàng, dịu ngọt</td></tr><tr><td style="width:151px">BẢO HÀNH</td><td style="width:335px">1 ĐỔI 1 trong vòng 1 THÁNG nếu có lỗi kỹ thuật</td></tr></tbody></table><h2 style="text-align: justify;">&nbsp;</h2><h2 style="text-align: justify;"><span style="color:#f39c12"><strong>MÔ TẢ SẢN PHẨM TRẦM HƯƠNG CẢNH MINI</strong></span></h2><div>&nbsp;</div><p style="text-align: center"><img src="//file.hstatic.net/200000591825/file/tbmini17-2_e1925150040047dfab2f3a88a7c3e8ba_grande.png"></p><p style="text-align: justify;">&nbsp;</p><p style="text-align: justify;"><strong>Trầm hương&nbsp;cảnh mini Sơn Hồng</strong> được sản xuất từ gỗ trầm hương thiên nhiên 100% với mùi thơm thoang thoảng, dịu nhẹ. Qua đôi bàn tay khéo léo của người nghệ nhân lành nghề, những khối trầm cảnh được tạo hình vô cùng bắt mắt và độc đáo.</p><p style="text-align: justify;">&nbsp;</p><p style="text-align: justify;">Trầm Hương rừng thiên nhiên trưng bầy trong nhà bảo vệ gia chủ khỏi các tai nạn và xui xẻo. Ngoài ra trưng bầy trầm hương trong nhà sẽ không bị ảnh hưởng bởi âm khí hóa giải được tiểu nhân ám hại .</p><p style="text-align: justify;">&nbsp;</p><p style="text-align: justify;">Trầm cảnh mini ngày càng được nhiều người “yêu trầm” tìm mua để trang trí hay làm quà tặng phong thuỷ ý nghĩa. Nghệ thuật thưởng Trầm sang trọng, quý phái thể hiện đẳng cấp của người chơi Trầm.</p><p style="text-align: justify;">&nbsp;</p><h2 style="text-align: justify;"><strong><span style="color:#f39c12">CÔNG DỤNG CỦA TRẦM HƯƠNG CẢNH MINI SƠN HỒNG</span></strong></h2><p style="text-align: justify;">&nbsp;</p><p style="text-align: justify;">Việc đặt một khối trầm hương cảnh trong nhà với hương thơm nhẹ nhàng, tinh tế và thoang thoảng chính là giải pháp giải tỏa căng thẳng hiệu quả.&nbsp;</p><p style="text-align: justify;">&nbsp;</p><p style="text-align: justify;">Nếu đặt trầm cảnh trong gia đình, các thành viên đoàn kết và hòa thuận mang đến không gian thoải mái nhất cho cả nhà.&nbsp;</p><p style="text-align: justify;">&nbsp;</p><p style="text-align: justify;">Trầm cảnh cũng có tác dụng thu hút năng lượng tích cực, chiêu tài, rước lộc và mang đến may mắn cho gia chủ. Từ đó, trầm cảnh cũng có tác dụng hỗ trợ con đường sự nghiệp thăng hoa và việc buôn bán thuận lợi hơn bao giờ hết.</p><p style="text-align: justify;">&nbsp;</p><p style="text-align: justify;">Ngoài ra, Trầm Hương cảnh còn có tác dụng cao trong việc loại bỏ khí độc, thanh lọc không khí. Từ đó mang lại một không khí trong lành, bảo vệ cơ thể con người khỏi những ảnh hưởng xấu từ môi trường.</p><p style="text-align: justify;">&nbsp;</p><h2 style="text-align: justify;"><strong><span style="color:#f39c12">VỊ TRÍ ĐẶT TRẦM CẢNH ĐỂ HỢP PHONG THUỶ</span></strong></h2><p style="text-align: justify;">&nbsp;</p><p style="text-align: justify;">- Vì là vật linh thiêng nên cũng có quan niệm rằng nên đặt trầm cảnh ở những nơi thần tiên vào nhà hoặc ở cửa chính.</p><p style="text-align: justify;">- Đặt ở trên bàn học để giúp tinh thần thoải mái, tập trung và đạt được kết quả tốt</p><p style="text-align: justify;">- Đặt ở trên bàn làm việc sẽ giúp công việc hay những cuộc đàm phán trở lên tốt đẹp, suôn sẻ, thu hút tài lộc.</p><p style="text-align: justify;">&nbsp;</p><p style="text-align: justify;"><strong>VỀ TRẦM HƯƠNG VIỆT NAM</strong></p><p style="text-align: justify;">Gỗ trầm hương Việt Nam được giới chuyên gia về trầm đánh giá rất cao trên thế giới về mùi hương, cũng như chất lượng nhờ vào điều kiện khí hậu &amp; thổ nhưỡng đặc trưng của rừng rậm nhiệt đới, nơi mà cây trầm phát triển và tạo trầm tốt nhất. Trầm Hương Việt Nam thường sinh trưởng tại các khu rừng rậm nhiệt đới ở Quảng Nam, Tây Nguyên, Phú Quốc,.. nơi cho ra trầm tốt nhất thế giới.&nbsp;</p><p style="text-align: justify;">&nbsp;</p><p style="text-align: justify;"><strong>GIỚI THIỆU VỀ&nbsp; TRẦM HƯƠNG SƠN HỒNG</strong></p><p style="text-align: justify;">Đối với bạn trầm hương là sự may mắn, đối với Sơn Hồng, trầm hương là tâm huyết của gia đình chúng tôi. Với hơn 30 năm làm trầm, chúng tôi hiểu giá trị của Trầm Hương và mong muốn mang trầm hương Việt đến với người Việt cùng với lời chúc về sự thịnh vượng và may mắn trong cuộc sống.</p><p style="text-align: justify;">&nbsp;</p><p style="text-align: justify;"><strong>CHÚNG TÔI CAM KẾT</strong></p><p style="text-align: justify;">- Nguồn gốc đúng: Trầm Hương Việt Nam được giới chuyên về trầm đánh giá tốt nhất thế giới về mùi thơm cũng như chất lượng.</p><p style="text-align: justify;">- Đúng &amp; đủ tuổi trầm như đã công bố: Chúng tôi cam kết sử dụng đúng loại trầm có số tuổi như đã công bố trên từng sản phẩm.&nbsp;</p><p style="text-align: justify;">- 100% sử dụng nguyên liệu tự nhiên: Chúng tôi không sử dụng bất kỳ hoá chất tạo màu hoặc tạo mùi nào trong tất cả các sản phẩm về trầm hương của Sơn Hồng.</p><p style="text-align: justify;"><br>&nbsp;</p>',
  NULL,
  'TRẦM HƯƠNG CẢNH MINI - MẪU 17',
  'Trầm Hương cảnh mini Sơn Hồng ngày càng được nhiều người “yêu trầm” tìm mua để trang trí hay làm quà tặng phong thuỷ ý nghĩa. Nghệ thuật thưởng Trầm sang trọng, quý phái thể hiện đẳng cấp của người chơi Trầm.',
  'TRẦM HƯƠNG SƠN HỒNG',
  'Khác',
  ARRAY['trầm hương cảnh'],
  'published',
  '2022-12-27T20:45:49+07:00'::timestamp,
  '2022-12-31T15:20:39+07:00'::timestamp
) ON CONFLICT (haravan_product_id) DO NOTHING;

INSERT INTO product_variants (
  product_id, haravan_variant_id, option1_name, option1_value,
  option2_name, option2_value, option3_name, option3_value,
  price, compare_at_price, sku, barcode, weight, inventory_quantity,
  inventory_policy, track_inventory, requires_shipping, taxable,
  unit, base_unit, conversion_rate, sell_by_unit
) VALUES (
  (SELECT id FROM products WHERE haravan_product_id = '1044136570'),
  '1097192062',
  'Title', 'trầm hương cảnh mini mẫu 17',
  NULL, NULL,
  NULL, NULL,
  3000000, NULL,
  NULL, NULL,
  1000, 1,
  'deny', true,
  true, true,
  NULL, NULL,
  NULL, false
) ON CONFLICT (haravan_variant_id) DO NOTHING;

INSERT INTO product_images (product_id, url, alt_text_vi, position, is_primary)
VALUES (
  (SELECT id FROM products WHERE haravan_product_id = '1044136570'),
  'https://product.hstatic.net/200000591825/product/tbmini17-1_1f4fa69275be46e7ba2ab7dfd1b1ceb5.png',
  NULL,
  1,
  true
);

INSERT INTO product_images (product_id, url, alt_text_vi, position, is_primary)
VALUES (
  (SELECT id FROM products WHERE haravan_product_id = '1044136570'),
  'https://product.hstatic.net/200000591825/product/tbmini17-2_a9ca87a80b79473c8d785343dd4fdb8b.png',
  NULL,
  2,
  false
);


-- Product: TRẦM HƯƠNG CẢNH MINI - MẪU 18
INSERT INTO products (
  haravan_product_id, name_vi, slug, description_vi, excerpt_vi,
  seo_title_vi, seo_description_vi, brand, product_type, tags, status,
  haravan_created_at, haravan_updated_at
) VALUES (
  '1044136699',
  'TRẦM HƯƠNG CẢNH MINI - MẪU 18',
  'tram-huong-canh-mini-mau-18',
  '<h1 style="text-align: center;"><span style="color:#f39c12"><strong>TRẦM HƯƠNG CẢNH MINI MẪU 18</strong></span></h1><p style="text-align: justify;">&nbsp;</p><p style="text-align: justify;"><strong>THÔNG TIN SẢN PHẨM</strong><br>&nbsp;</p><table border="1" cellspacing="1" cellpadding="1" style="width:500px"><tbody><tr><td style="width:144px">KÍCH THƯỚC</td><td style="width:342px">&nbsp;</td></tr><tr><td style="width:144px">LOẠI TRẦM</td><td style="width:342px">Trầm hương tự nhiên</td></tr><tr><td style="width:144px">ĐẶC TÍNH</td><td style="width:342px">Mùi hương nhẹ nhàng, dịu ngọt</td></tr><tr><td style="width:144px">BẢO HÀNH</td><td style="width:342px">1 ĐỔI 1 trong vòng 1 THÁNG nếu có lỗi kỹ thuật</td></tr></tbody></table><h2 style="text-align: justify;">&nbsp;</h2><h2 style="text-align: justify;"><span style="color:#f39c12"><strong>MÔ TẢ SẢN PHẨM TRẦM HƯƠNG CẢNH MINI</strong></span></h2><div>&nbsp;</div><p style="text-align: center"><img src="//file.hstatic.net/200000591825/file/tbmini18-2_fa07ba389048479dbaaff45623ee3b1a_grande.png"></p><p style="text-align: justify;">&nbsp;</p><p style="text-align: justify;"><strong>Trầm hương&nbsp;cảnh mini Sơn Hồng </strong>được sản xuất từ gỗ trầm hương thiên nhiên 100% với mùi thơm thoang thoảng, dịu nhẹ. Qua đôi bàn tay khéo léo của người nghệ nhân lành nghề, những khối trầm cảnh được tạo hình vô cùng bắt mắt và độc đáo.</p><p style="text-align: justify;">&nbsp;</p><p style="text-align: justify;">Trầm Hương rừng thiên nhiên trưng bầy trong nhà bảo vệ gia chủ khỏi các tai nạn và xui xẻo. Ngoài ra trưng bầy trầm hương trong nhà sẽ không bị ảnh hưởng bởi âm khí hóa giải được tiểu nhân ám hại .</p><p style="text-align: justify;">&nbsp;</p><p style="text-align: justify;">Trầm cảnh mini ngày càng được nhiều người “yêu trầm” tìm mua để trang trí hay làm quà tặng phong thuỷ ý nghĩa. Nghệ thuật thưởng Trầm sang trọng, quý phái thể hiện đẳng cấp của người chơi Trầm.</p><p style="text-align: justify;">&nbsp;</p><h2 style="text-align: justify;"><span style="color:#f39c12"><strong>CÔNG DỤNG CỦA TRẦM HƯƠNG CẢNH MINI SƠN HỒNG</strong></span></h2><p style="text-align: justify;">&nbsp;</p><p style="text-align: justify;">Việc đặt một khối trầm hương cảnh trong nhà với hương thơm nhẹ nhàng, tinh tế và thoang thoảng chính là giải pháp giải tỏa căng thẳng hiệu quả.&nbsp;</p><p style="text-align: justify;">&nbsp;</p><p style="text-align: justify;">Nếu đặt trầm cảnh trong gia đình, các thành viên đoàn kết và hòa thuận mang đến không gian thoải mái nhất cho cả nhà.&nbsp;</p><p style="text-align: justify;">&nbsp;</p><p style="text-align: justify;">Trầm cảnh cũng có tác dụng thu hút năng lượng tích cực, chiêu tài, rước lộc và mang đến may mắn cho gia chủ. Từ đó, trầm cảnh cũng có tác dụng hỗ trợ con đường sự nghiệp thăng hoa và việc buôn bán thuận lợi hơn bao giờ hết.</p><p style="text-align: justify;">&nbsp;</p><p style="text-align: justify;">Ngoài ra, Trầm Hương cảnh còn có tác dụng cao trong việc loại bỏ khí độc, thanh lọc không khí. Từ đó mang lại một không khí trong lành, bảo vệ cơ thể con người khỏi những ảnh hưởng xấu từ môi trường.</p><p style="text-align: justify;">&nbsp;</p><h2 style="text-align: justify;"><span style="color:#f39c12"><strong>VỊ TRÍ ĐẶT TRẦM CẢNH ĐỂ HỢP PHONG THUỶ</strong></span></h2><div>&nbsp;</div><p style="text-align: justify;">- Vì là vật linh thiêng nên cũng có quan niệm rằng nên đặt trầm cảnh ở những nơi thần tiên vào nhà hoặc ở cửa chính.</p><p style="text-align: justify;">- Đặt ở trên bàn học để giúp tinh thần thoải mái, tập trung và đạt được kết quả tốt</p><p style="text-align: justify;">- Đặt ở trên bàn làm việc sẽ giúp công việc hay những cuộc đàm phán trở lên tốt đẹp, suôn sẻ, thu hút tài lộc.</p><p style="text-align: justify;">&nbsp;</p><p style="text-align: justify;"><strong>VỀ TRẦM HƯƠNG VIỆT NAM</strong></p><p style="text-align: justify;">Gỗ trầm hương Việt Nam được giới chuyên gia về trầm đánh giá rất cao trên thế giới về mùi hương, cũng như chất lượng nhờ vào điều kiện khí hậu &amp; thổ nhưỡng đặc trưng của rừng rậm nhiệt đới, nơi mà cây trầm phát triển và tạo trầm tốt nhất. Trầm Hương Việt Nam thường sinh trưởng tại các khu rừng rậm nhiệt đới ở Quảng Nam, Tây Nguyên, Phú Quốc,.. nơi cho ra trầm tốt nhất thế giới.&nbsp;</p><p style="text-align: justify;">&nbsp;</p><p style="text-align: justify;"><strong>GIỚI THIỆU VỀ&nbsp; TRẦM HƯƠNG SƠN HỒNG</strong></p><p style="text-align: justify;">Đối với bạn trầm hương là sự may mắn, đối với Sơn Hồng, trầm hương là tâm huyết của gia đình chúng tôi. Với hơn 30 năm làm trầm, chúng tôi hiểu giá trị của Trầm Hương và mong muốn mang trầm hương Việt đến với người Việt cùng với lời chúc về sự thịnh vượng và may mắn trong cuộc sống.</p><p style="text-align: justify;">&nbsp;</p><p style="text-align: justify;"><strong>CHÚNG TÔI CAM KẾT</strong></p><p style="text-align: justify;">- Nguồn gốc đúng: Trầm Hương Việt Nam được giới chuyên về trầm đánh giá tốt nhất thế giới về mùi thơm cũng như chất lượng.</p><p style="text-align: justify;">- Đúng &amp; đủ tuổi trầm như đã công bố: Chúng tôi cam kết sử dụng đúng loại trầm có số tuổi như đã công bố trên từng sản phẩm.&nbsp;</p><p style="text-align: justify;">- 100% sử dụng nguyên liệu tự nhiên: Chúng tôi không sử dụng bất kỳ hoá chất tạo màu hoặc tạo mùi nào trong tất cả các sản phẩm về trầm hương của Sơn Hồng.</p><p style="text-align: justify;"><br>&nbsp;</p>',
  NULL,
  'TRẦM HƯƠNG CẢNH MINI - MẪU 18',
  'Trầm hương cảnh mini Sơn Hồng được sản xuất từ gỗ trầm hương thiên nhiên 100% với mùi thơm thoang thoảng, dịu nhẹ. Qua đôi bàn tay khéo léo của người nghệ nhân lành nghề, những khối trầm cảnh được tạo hình vô cùng bắt mắt và độc đáo.',
  'TRẦM HƯƠNG SƠN HỒNG',
  'Khác',
  ARRAY['trầm hương cảnh'],
  'published',
  '2022-12-27T20:50:18+07:00'::timestamp,
  '2022-12-31T15:21:22+07:00'::timestamp
) ON CONFLICT (haravan_product_id) DO NOTHING;

INSERT INTO product_variants (
  product_id, haravan_variant_id, option1_name, option1_value,
  option2_name, option2_value, option3_name, option3_value,
  price, compare_at_price, sku, barcode, weight, inventory_quantity,
  inventory_policy, track_inventory, requires_shipping, taxable,
  unit, base_unit, conversion_rate, sell_by_unit
) VALUES (
  (SELECT id FROM products WHERE haravan_product_id = '1044136699'),
  '1097192258',
  'Title', 'trầm hương cảnh mini mẫu 18',
  NULL, NULL,
  NULL, NULL,
  5000000, NULL,
  NULL, NULL,
  1500, 1,
  'deny', true,
  true, true,
  NULL, NULL,
  NULL, false
) ON CONFLICT (haravan_variant_id) DO NOTHING;

INSERT INTO product_images (product_id, url, alt_text_vi, position, is_primary)
VALUES (
  (SELECT id FROM products WHERE haravan_product_id = '1044136699'),
  'https://product.hstatic.net/200000591825/product/tbmini18-2_af0d2f681bfb4478bf81b59ead36e427.png',
  NULL,
  1,
  true
);

INSERT INTO product_images (product_id, url, alt_text_vi, position, is_primary)
VALUES (
  (SELECT id FROM products WHERE haravan_product_id = '1044136699'),
  'https://product.hstatic.net/200000591825/product/tbmini18-1_1cc9d70ac3a743f29b5903b1650a087a.png',
  NULL,
  2,
  false
);


COMMIT;
