-- 002_import_haravan_products.sql - Part 9/18
-- Generated: 2025-10-25T04:17:01.378Z
-- Contains 12 complete product records
-- Each product includes: INSERT product + variants + images

BEGIN;

-- Product: MẶT DÂY CHUYỀN TRẦM HƯƠNG BỌC VÀNG - MẪU 4 - TRẦM HƯƠNG CHÌM LOẠI 1
INSERT INTO products (
  haravan_product_id, name_vi, slug, description_vi, excerpt_vi,
  seo_title_vi, seo_description_vi, brand, product_type, tags, status,
  haravan_created_at, haravan_updated_at
) VALUES (
  '1044081306',
  'MẶT DÂY CHUYỀN TRẦM HƯƠNG BỌC VÀNG - MẪU 4 - TRẦM HƯƠNG CHÌM LOẠI 1',
  'mat-day-chuyen-tram-huong-boc-vang-mau-4-tram-huong-chim-loai-1',
  '<h1 style="text-align: center;"><span style="color:#f39c12"><strong>MẶT DÂY CHUYỀN TRẦM HƯƠNG BỌC VÀNG</strong></span></h1><p style="text-align: justify;"><strong>THÔNG TIN SẢN PHẨM</strong></p><table border="1" cellspacing="1" cellpadding="1" style="width:500px"><tbody><tr><td style="width:155px">KÍCH THƯỚC</td><td style="width:331px">&nbsp;</td></tr><tr><td style="width:155px">LOẠI TRẦM</td><td style="width:331px">Trầm hương tự nhiên loại 1</td></tr><tr><td style="width:155px">BẢO HÀNH</td><td style="width:331px">1 ĐỔI 1 trong vòng 1 THÁNG nếu có lỗi kỹ thuật</td></tr></tbody></table><p style="text-align: justify;"><br>&nbsp;</p><h2 style="text-align: justify;"><span style="color:#f39c12"><strong>MÔ TẢ SẢN PHẨM MẶT DÂY CHUYỀN TRẦM HƯƠNG BỌC VÀNG</strong></span></h2><p style="text-align: center"><img src="//file.hstatic.net/200000591825/file/dc16-2_c0ec4e3991674c1699020dc369df702f_grande.png"></p><p style="text-align: justify;">&nbsp;</p><p style="text-align: justify;"><strong>Mặt dây chuyền trầm hương bọc vàng</strong>&nbsp;Sơn Hồng được thiết kế với nhiều hình dạng khác nhau và giữ được nguyên bản sơ khai của trầm hương - linh mộc đất trời. Mặt dây được làm bằng gỗ trầm hương chìm nước với các lớp vân trầm cao cấp. Không chỉ vậy, mặt dây chuyền còn được bọc vàng kết hợp với những viên đá lấp lánh tạo nên sự sang trọng và đẳng cấp.&nbsp;</p><p style="text-align: justify;">&nbsp;</p><p style="text-align: justify;">Là sản phẩm có ý nghĩa và giá trị cao, mặt dây chuyền trầm hương có thể dùng làm quà tặng cao cấp cho bạn bè, người thân, đối tác và đồng nghiệp để gia tăng mối quan hệ tốt hơn cho bạn.</p><p style="text-align: justify;">&nbsp;</p><h2 style="text-align: justify;"><span style="color:#f39c12"><strong>CÔNG DỤNG CỦA MẶT DÂY CHUYỀN GỖ TRẦM HƯƠNG</strong></span></h2><p style="text-align: justify;">&nbsp;</p><p style="text-align: justify;">Mặt dây chuyền gỗ trầm hương cao cấp giúp thu hút may mắn, tài lộc và thuận lợi trong làm ăn, đàm phán. Đồng thời giúp giữ tài, giữ lộc cho chủ sở hữu của mình.</p><p style="text-align: justify;">&nbsp;</p><p style="text-align: justify;"><em>Mặt dây chuyền trầm hương</em> được ví như chiếc bùa cầu may cho người đeo. Hương trầm tỏa ra giúp xua đuổi cảm giác nặng nề, giảm stress, hóa giải điềm xấu, thu hút may mắn, tài lộc và đem đến những điều bình an. Trong cuộc sống hôn nhân, vợ chồng luôn hòa thuận, thấu hiểu lẫn nhau, tình cảm ngày thăng hoa, bền chặt.&nbsp;</p><p style="text-align: justify;">&nbsp;</p><p style="text-align: justify;"><strong>VỀ TRẦM HƯƠNG VIỆT NAM</strong></p><p style="text-align: justify;">Gỗ trầm hương Việt Nam được giới chuyên gia về trầm đánh giá rất cao trên thế giới về mùi hương, cũng như chất lượng nhờ vào điều kiện khí hậu &amp; thổ nhưỡng đặc trưng của rừng rậm nhiệt đới, nơi mà cây trầm phát triển và tạo trầm tốt nhất. Trầm Hương Việt Nam thường sinh trưởng tại các khu rừng rậm nhiệt đới ở Quảng Nam, Tây Nguyên, Phú Quốc,.. nơi cho ra trầm tốt nhất thế giới.&nbsp;</p><p style="text-align: justify;">&nbsp;</p><p style="text-align: justify;"><strong>GIỚI THIỆU VỀ&nbsp;TRẦM HƯƠNG SƠN HỒNG</strong></p><p style="text-align: justify;">Đối với bạn trầm hương là sự may mắn, đối với Sơn Hồng, trầm hương là tâm huyết của gia đình chúng tôi. Với hơn 30 năm làm trầm, chúng tôi hiểu giá trị của Trầm Hương và mong muốn mang trầm hương Việt đến với người Việt cùng với lời chúc về sự thịnh vượng và may mắn trong cuộc sống.</p><p style="text-align: justify;">&nbsp;</p><p style="text-align: justify;"><strong>CHÚNG TÔI CAM KẾT</strong></p><p style="text-align: justify;">- Nguồn gốc đúng: Trầm Hương Việt Nam được giới chuyên về trầm đánh giá tốt nhất thế giới về mùi thơm cũng như chất lượng.</p><p style="text-align: justify;">- Đúng &amp; đủ tuổi trầm như đã công bố: Chúng tôi cam kết sử dụng đúng loại trầm có số tuổi như đã công bố trên từng sản phẩm.&nbsp;</p><p style="text-align: justify;">- 100% sử dụng nguyên liệu tự nhiên: Chúng tôi không sử dụng bất kỳ hoá chất tạo màu hoặc tạo mùi nào trong tất cả các sản phẩm về trầm hương của Sơn Hồng.</p><p style="text-align: justify;"><br>&nbsp;</p>',
  NULL,
  'MẶT DÂY CHUYỀN TRẦM HƯƠNG BỌC VÀNG - MẪU 4 - TRẦM HƯƠNG CHÌM LOẠI 1',
  'Mặt dây được làm bằng gỗ trầm hương chìm nước với các lớp vân trầm cao cấp. Không chỉ vậy, mặt dây chuyền còn được bọc vàng kết hợp với những viên đá lấp lánh tạo nên sự sang trọng và đẳng cấp.',
  'TRẦM HƯƠNG SƠN HỒNG',
  'VÒNG TAY',
  ARRAY['mặt dây chuyền'],
  'published',
  '2022-12-26T22:01:41+07:00'::timestamp,
  '2022-12-26T22:02:38+07:00'::timestamp
) ON CONFLICT (haravan_product_id) DO NOTHING;

INSERT INTO product_variants (
  product_id, haravan_variant_id, option1_name, option1_value,
  option2_name, option2_value, option3_name, option3_value,
  price, compare_at_price, sku, barcode, weight, inventory_quantity,
  inventory_policy, track_inventory, requires_shipping, taxable,
  unit, base_unit, conversion_rate, sell_by_unit
) VALUES (
  (SELECT id FROM products WHERE haravan_product_id = '1044081306'),
  '1097097802',
  'Title', 'mặt dây chuyền bọc vàng mẫu 4',
  NULL, NULL,
  NULL, NULL,
  0, NULL,
  NULL, NULL,
  60, 2,
  'deny', true,
  true, true,
  NULL, NULL,
  NULL, false
) ON CONFLICT (haravan_variant_id) DO NOTHING;

INSERT INTO product_images (product_id, url, alt_text_vi, position, is_primary)
VALUES (
  (SELECT id FROM products WHERE haravan_product_id = '1044081306'),
  'https://product.hstatic.net/200000591825/product/dc16-1_7d5b4c265a374169a989a617402ff577.png',
  NULL,
  1,
  true
);

INSERT INTO product_images (product_id, url, alt_text_vi, position, is_primary)
VALUES (
  (SELECT id FROM products WHERE haravan_product_id = '1044081306'),
  'https://product.hstatic.net/200000591825/product/dc16-2_d91ce252b740499daf82f3d109ba1eda.png',
  NULL,
  2,
  false
);

INSERT INTO product_images (product_id, url, alt_text_vi, position, is_primary)
VALUES (
  (SELECT id FROM products WHERE haravan_product_id = '1044081306'),
  'https://product.hstatic.net/200000591825/product/dc16-3_79c9592ef8d6457db87a88326d6d5b50.png',
  NULL,
  3,
  false
);


-- Product: MẶT DÂY CHUYỀN TRẦM HƯƠNG BỌC VÀNG - MẪU 5 - TRẦM HƯƠNG CHÌM LOẠI 1
INSERT INTO products (
  haravan_product_id, name_vi, slug, description_vi, excerpt_vi,
  seo_title_vi, seo_description_vi, brand, product_type, tags, status,
  haravan_created_at, haravan_updated_at
) VALUES (
  '1044081327',
  'MẶT DÂY CHUYỀN TRẦM HƯƠNG BỌC VÀNG - MẪU 5 - TRẦM HƯƠNG CHÌM LOẠI 1',
  'mat-day-chuyen-tram-huong-boc-vang-mau-5-tram-huong-chim-loai-1',
  '<h1 style="text-align: center;"><span style="color:#f39c12"><strong>MẶT DÂY CHUYỀN TRẦM HƯƠNG BỌC VÀNG</strong></span></h1><p style="text-align: justify;">&nbsp;</p><p style="text-align: justify;"><strong>THÔNG TIN SẢN PHẨM</strong></p><table border="1" cellspacing="1" cellpadding="1" style="width:500px"><tbody><tr><td style="width:150px">KÍCH THƯỚC</td><td style="width:336px">&nbsp;</td></tr><tr><td style="width:150px">LOẠI TRẦM</td><td style="width:336px">Trầm hương tự nhiên loại 1</td></tr><tr><td style="width:150px">BẢO HÀNH</td><td style="width:336px">1 ĐỔI 1 trong vòng 1 THÁNG nếu có lỗi kỹ thuật</td></tr></tbody></table><p style="text-align: justify;"><br>&nbsp;</p><h2 style="text-align: justify;"><span style="color:#f39c12"><strong>MÔ TẢ SẢN PHẨM MẶT DÂY CHUYỀN TRẦM HƯƠNG BỌC VÀNG</strong></span></h2><p style="text-align: center"><img src="//file.hstatic.net/200000591825/file/dc26-3_ed52f61cf44f47e08a488eba1470ecce_grande.png"></p><p style="text-align: justify;">&nbsp;</p><p style="text-align: justify;"><strong>Mặt dây chuyền trầm hương bọc vàng loại 1 </strong>Sơn Hồng được thiết kế với nhiều hình dạng khác nhau và giữ được nguyên bản sơ khai của trầm hương - linh mộc đất trời. Mặt dây được làm bằng gỗ trầm hương chìm nước với các lớp vân trầm cao cấp.&nbsp;</p><p style="text-align: justify;">&nbsp;</p><p style="text-align: justify;">Mặt dây chuyền có hình dạng giống như 1 chiếc "răng nanh" ẩn mình trong "linh mộc" và được bọc vàng 2 đầu càng khiến chiếc vòng của bạn trở lên "ngầu" hơn rất nhiều.</p><p style="text-align: justify;">&nbsp;</p><p style="text-align: justify;">Là sản phẩm có ý nghĩa và giá trị cao, mặt dây chuyền trầm hương có thể dùng làm quà tặng cao cấp cho bạn bè, người thân, đối tác và đồng nghiệp để gia tăng mối quan hệ tốt hơn cho bạn.</p><p style="text-align: justify;">&nbsp;</p><h2 style="text-align: justify;"><span style="color:#f39c12"><strong>CÔNG DỤNG CỦA MẶT DÂY CHUYỀN GỖ TRẦM HƯƠNG</strong></span></h2><p style="text-align: justify;">&nbsp;</p><p style="text-align: justify;"><em>Mặt dây chuyền gỗ trầm hương cao cấp</em> giúp thu hút may mắn, tài lộc và thuận lợi trong làm ăn, đàm phán. Đồng thời giúp giữ tài, giữ lộc cho chủ sở hữu của mình.</p><p style="text-align: justify;">&nbsp;</p><p style="text-align: justify;">Mặt dây chuyền trầm hương bọc vàng được ví như chiếc bùa cầu may cho người đeo. Hương trầm tỏa ra giúp xua đuổi cảm giác nặng nề, giảm stress, hóa giải điềm xấu, thu hút may mắn, tài lộc và đem đến những điều bình an. Trong cuộc sống hôn nhân, vợ chồng luôn hòa thuận, thấu hiểu lẫn nhau, tình cảm ngày thăng hoa, bền chặt.&nbsp;</p><p style="text-align: justify;">&nbsp;</p><p style="text-align: justify;"><strong>VỀ TRẦM HƯƠNG VIỆT NAM</strong></p><p style="text-align: justify;">Gỗ trầm hương Việt Nam được giới chuyên gia về trầm đánh giá rất cao trên thế giới về mùi hương, cũng như chất lượng nhờ vào điều kiện khí hậu &amp; thổ nhưỡng đặc trưng của rừng rậm nhiệt đới, nơi mà cây trầm phát triển và tạo trầm tốt nhất. Trầm Hương Việt Nam thường sinh trưởng tại các khu rừng rậm nhiệt đới ở Quảng Nam, Tây Nguyên, Phú Quốc,.. nơi cho ra trầm tốt nhất thế giới.&nbsp;</p><p style="text-align: justify;">&nbsp;</p><p style="text-align: justify;"><strong>GIỚI THIỆU VỀ&nbsp;TRẦM HƯƠNG SƠN HỒNG</strong></p><p style="text-align: justify;">Đối với bạn trầm hương là sự may mắn, đối với Sơn Hồng, trầm hương là tâm huyết của gia đình chúng tôi. Với hơn 30 năm làm trầm, chúng tôi hiểu giá trị của Trầm Hương và mong muốn mang trầm hương Việt đến với người Việt cùng với lời chúc về sự thịnh vượng và may mắn trong cuộc sống.</p><p style="text-align: justify;">&nbsp;</p><p style="text-align: justify;"><strong>CHÚNG TÔI CAM KẾT</strong></p><p style="text-align: justify;">- Nguồn gốc đúng: Trầm Hương Việt Nam được giới chuyên về trầm đánh giá tốt nhất thế giới về mùi thơm cũng như chất lượng.</p><p style="text-align: justify;">- Đúng &amp; đủ tuổi trầm như đã công bố: Chúng tôi cam kết sử dụng đúng loại trầm có số tuổi như đã công bố trên từng sản phẩm.&nbsp;</p><p style="text-align: justify;">- 100% sử dụng nguyên liệu tự nhiên: Chúng tôi không sử dụng bất kỳ hoá chất tạo màu hoặc tạo mùi nào trong tất cả các sản phẩm về trầm hương của Sơn Hồng.</p><p style="text-align: justify;"><br>&nbsp;</p>',
  NULL,
  'MẶT DÂY CHUYỀN TRẦM HƯƠNG BỌC VÀNG - MẪU 5 - TRẦM HƯƠNG CHÌM LOẠI 1',
  'Mặt dây chuyền trầm hương có hình dạng giống như 1 chiếc "răng nanh" ẩn mình trong "linh mộc" và được bọc vàng 2 đầu càng khiến chiếc vòng của bạn trở lên "ngầu" hơn rất nhiều.',
  'TRẦM HƯƠNG SƠN HỒNG',
  'VÒNG TAY',
  ARRAY['mặt dây chuyền'],
  'published',
  '2022-12-26T22:10:37+07:00'::timestamp,
  '2022-12-26T22:11:00+07:00'::timestamp
) ON CONFLICT (haravan_product_id) DO NOTHING;

INSERT INTO product_variants (
  product_id, haravan_variant_id, option1_name, option1_value,
  option2_name, option2_value, option3_name, option3_value,
  price, compare_at_price, sku, barcode, weight, inventory_quantity,
  inventory_policy, track_inventory, requires_shipping, taxable,
  unit, base_unit, conversion_rate, sell_by_unit
) VALUES (
  (SELECT id FROM products WHERE haravan_product_id = '1044081327'),
  '1097097861',
  'Title', 'mặt dây chuyền bọc vàng mẫu 5',
  NULL, NULL,
  NULL, NULL,
  0, NULL,
  NULL, NULL,
  60, 2,
  'deny', true,
  true, true,
  NULL, NULL,
  NULL, false
) ON CONFLICT (haravan_variant_id) DO NOTHING;

INSERT INTO product_images (product_id, url, alt_text_vi, position, is_primary)
VALUES (
  (SELECT id FROM products WHERE haravan_product_id = '1044081327'),
  'https://product.hstatic.net/200000591825/product/dc26-1_605313b796854d3f863c1d00d133dca8.png',
  NULL,
  1,
  true
);

INSERT INTO product_images (product_id, url, alt_text_vi, position, is_primary)
VALUES (
  (SELECT id FROM products WHERE haravan_product_id = '1044081327'),
  'https://product.hstatic.net/200000591825/product/dc26-2_0be6b4652853418eb7509cbbe8aeb453.png',
  NULL,
  2,
  false
);

INSERT INTO product_images (product_id, url, alt_text_vi, position, is_primary)
VALUES (
  (SELECT id FROM products WHERE haravan_product_id = '1044081327'),
  'https://product.hstatic.net/200000591825/product/dc26-3_a607d9de34124a929427fd9ada7bf378.png',
  NULL,
  3,
  false
);

INSERT INTO product_images (product_id, url, alt_text_vi, position, is_primary)
VALUES (
  (SELECT id FROM products WHERE haravan_product_id = '1044081327'),
  'https://product.hstatic.net/200000591825/product/dc26-4_1da753fb466540a5ad0c6ebf7be8f551.png',
  NULL,
  4,
  false
);


-- Product: MẶT DÂY CHUYỀN TRẦM HƯƠNG HỒ LÔ BỌC VÀNG - TRẦM HƯƠNG LOẠI 1
INSERT INTO products (
  haravan_product_id, name_vi, slug, description_vi, excerpt_vi,
  seo_title_vi, seo_description_vi, brand, product_type, tags, status,
  haravan_created_at, haravan_updated_at
) VALUES (
  '1044081385',
  'MẶT DÂY CHUYỀN TRẦM HƯƠNG HỒ LÔ BỌC VÀNG - TRẦM HƯƠNG LOẠI 1',
  'mat-day-chuyen-tram-huong-ho-lo-boc-vang-tram-huong-loai-1',
  '<h1 style="text-align: center;"><span style="color:#f39c12"><strong>MẶT DÂY CHUYỀN TRẦM HƯƠNG HỒ LÔ</strong></span></h1><p style="text-align: justify;"><strong>THÔNG TIN SẢN PHẨM</strong></p><table border="1" cellspacing="1" cellpadding="1" style="width:500px"><tbody><tr><td style="width:153px">KÍCH THƯỚC</td><td style="width:333px">&nbsp;</td></tr><tr><td style="width:153px">LOẠI TRẦM</td><td style="width:333px">Trầm hương tự nhiên loại 1</td></tr><tr><td style="width:153px">BẢO HÀNH</td><td style="width:333px">1 ĐỔI 1 trong vòng 1 THÁNG nếu có lỗi kỹ thuật</td></tr></tbody></table><p style="text-align: justify;"><br>&nbsp;</p><h2 style="text-align: justify;"><span style="color:#f39c12"><strong>MÔ TẢ SẢN PHẨM MẶT DÂY CHUYỀN TRẦM HƯƠNG HỒ LÔ</strong></span></h2><p style="text-align: center"><img src="//file.hstatic.net/200000591825/file/dc23-4_eae8a6b183e74910a312c3a72d87ad0d_grande.png"></p><p style="text-align: justify;">&nbsp;</p><p style="text-align: justify;"><strong>Mặt dây chuyền Trầm hương Hồ Lô&nbsp;Sơn Hồng</strong> được thiết kế với hình dạng Hồ Lô kết hợp với&nbsp;khoen vàng tôn lên sự sang trọng quý phái cho người đeo. Mặt dây chuyền mang đến sự đơn giản nhưng lại chứa đựng vô vàn sự tinh tế của những nghệ nhân trầm hương lành nghề.</p><p style="text-align: justify;">&nbsp;</p><p style="text-align: justify;">Là sản phẩm có ý nghĩa và giá trị cao, mặt dây chuyền trầm hương có thể dùng làm quà tặng cao cấp cho bạn bè, người thân, đối tác và đồng nghiệp để gia tăng mối quan hệ tốt hơn cho bạn.</p><p style="text-align: justify;">&nbsp;</p><h2 style="text-align: justify;"><span style="color:#f39c12"><strong>Ý NGHĨA CỦA BIỂU TƯỢNG MẶT DÂY CHUYỀN TRẦM HƯƠNG HỒ LÔ</strong></span></h2><p style="text-align: justify;">&nbsp;</p><p style="text-align: justify;">Trong tín ngưỡng dân gian, quả hồ lô là loại quả hiện thân của đất trời, tiên cảnh, xuất xứ từ thần thoại. Các cụ ngày xưa thường dùng nó để đựng rượu, đựng nước.Hình ảnh ông Thọ luôn xuất hiện cùng với quả hồ lô là hình ảnh gắn liền với tuổi thơ dữ dội của không ít bạn trẻ.Từ đó, hồ lô được xem là biểu tượng của sự an lành và trường thọ.</p><p style="text-align: justify;">&nbsp;</p><h2 style="text-align: justify;"><span style="color:#f39c12"><strong>CÔNG DỤNG CỦA MẶT DÂY CHUYỀN GỖ TRẦM HƯƠNG</strong></span></h2><p style="text-align: justify;">&nbsp;</p><p style="text-align: justify;">Mặt dây chuyền gỗ trầm hương cao cấp giúp thu hút may mắn, tài lộc và thuận lợi trong làm ăn, đàm phán. Đồng thời giúp giữ tài, giữ lộc cho chủ sở hữu của mình.</p><p style="text-align: justify;">&nbsp;</p><p style="text-align: justify;">Mặt dây chuyền được ví như chiếc bùa cầu may cho người đeo. Hương trầm tỏa ra giúp xua đuổi cảm giác nặng nề, giảm stress, hóa giải điềm xấu, thu hút may mắn, tài lộc và đem đến những điều bình an. Trong cuộc sống hôn nhân, vợ chồng luôn hòa thuận, thấu hiểu lẫn nhau, tình cảm ngày thăng hoa, bền chặt.&nbsp;</p><p style="text-align: justify;">&nbsp;</p><p style="text-align: justify;">Mang mặt dây chuyền Trầm hương bên mình không chỉ để làm đẹp mà còn để thưởng thức mùi thơm tỏa ra từ hạt Trầm. Mùi thơm thanh ngọt, nhẹ nhàng giúp an dịu thần kinh làm cho tinh thần minh mẫn, sáng suốt giúp đạt hiệu quả cao trong công việc.</p><p style="text-align: justify;">&nbsp;</p><p style="text-align: justify;"><strong>VỀ TRẦM HƯƠNG VIỆT NAM</strong></p><p style="text-align: justify;">Gỗ trầm hương Việt Nam được giới chuyên gia về trầm đánh giá rất cao trên thế giới về mùi hương, cũng như chất lượng nhờ vào điều kiện khí hậu &amp; thổ nhưỡng đặc trưng của rừng rậm nhiệt đới, nơi mà cây trầm phát triển và tạo trầm tốt nhất. Trầm Hương Việt Nam thường sinh trưởng tại các khu rừng rậm nhiệt đới ở Quảng Nam, Tây Nguyên, Phú Quốc,.. nơi cho ra trầm tốt nhất thế giới.&nbsp;</p><p style="text-align: justify;">&nbsp;</p><p style="text-align: justify;"><strong>GIỚI THIỆU VỀ&nbsp;TRẦM HƯƠNG SƠN HỒNG</strong></p><p style="text-align: justify;">Đối với bạn trầm hương là sự may mắn, đối với Sơn Hồng, trầm hương là tâm huyết của gia đình chúng tôi. Với hơn 30 năm làm trầm, chúng tôi hiểu giá trị của Trầm Hương và mong muốn mang trầm hương Việt đến với người Việt cùng với lời chúc về sự thịnh vượng và may mắn trong cuộc sống.</p><p style="text-align: justify;">&nbsp;</p><p style="text-align: justify;"><strong>CHÚNG TÔI CAM KẾT</strong></p><p style="text-align: justify;">- Nguồn gốc đúng: Trầm Hương Việt Nam được giới chuyên về trầm đánh giá tốt nhất thế giới về mùi thơm cũng như chất lượng.</p><p style="text-align: justify;">- Đúng &amp; đủ tuổi trầm như đã công bố: Chúng tôi cam kết sử dụng đúng loại trầm có số tuổi như đã công bố trên từng sản phẩm.&nbsp;</p><p style="text-align: justify;">- 100% sử dụng nguyên liệu tự nhiên: Chúng tôi không sử dụng bất kỳ hoá chất tạo màu hoặc tạo mùi nào trong tất cả các sản phẩm về trầm hương của Sơn Hồng.</p><p style="text-align: justify;"><br>&nbsp;</p>',
  NULL,
  'MẶT DÂY CHUYỀN TRẦM HƯƠNG HỒ LÔ BỌC VÀNG - TRẦM HƯƠNG LOẠI 1',
  'Mặt dây chuyền Trầm hương Hồ Lô Sơn Hồng được thiết kế với hình dạng Hồ Lô kết hợp với khoen vàng tôn lên sự sang trọng quý phái cho người đeo. Mặt dây chuyền mang đến sự đơn giản nhưng lại chứa đựng vô vàn sự tinh tế của những nghệ nhân trầm hương lành nghề.',
  'TRẦM HƯƠNG SƠN HỒNG',
  'VÒNG TAY',
  ARRAY['mặt dây chuyền'],
  'published',
  '2022-12-26T22:24:19+07:00'::timestamp,
  '2022-12-26T22:24:49+07:00'::timestamp
) ON CONFLICT (haravan_product_id) DO NOTHING;

INSERT INTO product_variants (
  product_id, haravan_variant_id, option1_name, option1_value,
  option2_name, option2_value, option3_name, option3_value,
  price, compare_at_price, sku, barcode, weight, inventory_quantity,
  inventory_policy, track_inventory, requires_shipping, taxable,
  unit, base_unit, conversion_rate, sell_by_unit
) VALUES (
  (SELECT id FROM products WHERE haravan_product_id = '1044081385'),
  '1097097954',
  'Title', 'mặt dây chuyền hồ lô bọc vàng',
  NULL, NULL,
  NULL, NULL,
  0, NULL,
  NULL, NULL,
  60, 2,
  'deny', true,
  true, true,
  NULL, NULL,
  NULL, false
) ON CONFLICT (haravan_variant_id) DO NOTHING;

INSERT INTO product_images (product_id, url, alt_text_vi, position, is_primary)
VALUES (
  (SELECT id FROM products WHERE haravan_product_id = '1044081385'),
  'https://product.hstatic.net/200000591825/product/dc23-1_0c5884db8d9c4dc1b0f6d22a5d33deb7.png',
  NULL,
  1,
  true
);

INSERT INTO product_images (product_id, url, alt_text_vi, position, is_primary)
VALUES (
  (SELECT id FROM products WHERE haravan_product_id = '1044081385'),
  'https://product.hstatic.net/200000591825/product/dc23-4_76161a54dbe74b279e66e10efcd6e406.png',
  NULL,
  2,
  false
);

INSERT INTO product_images (product_id, url, alt_text_vi, position, is_primary)
VALUES (
  (SELECT id FROM products WHERE haravan_product_id = '1044081385'),
  'https://product.hstatic.net/200000591825/product/dc23-2_cd65e3516b7a41d2a553db9666db7ab5.png',
  NULL,
  3,
  false
);

INSERT INTO product_images (product_id, url, alt_text_vi, position, is_primary)
VALUES (
  (SELECT id FROM products WHERE haravan_product_id = '1044081385'),
  'https://product.hstatic.net/200000591825/product/dc23-3_770858858ca04a1cb9a74e04f48c1c5d.png',
  NULL,
  4,
  false
);


-- Product: MẶT DÂY CHUYỀN TRẦM HƯƠNG BỌC VÀNG - MẪU 6 - TRẦM HƯƠNG CHÌM LOẠI 1
INSERT INTO products (
  haravan_product_id, name_vi, slug, description_vi, excerpt_vi,
  seo_title_vi, seo_description_vi, brand, product_type, tags, status,
  haravan_created_at, haravan_updated_at
) VALUES (
  '1044081466',
  'MẶT DÂY CHUYỀN TRẦM HƯƠNG BỌC VÀNG - MẪU 6 - TRẦM HƯƠNG CHÌM LOẠI 1',
  'mat-day-chuyen-tram-huong-boc-vang-mau-6-tram-huong-chim-loai-1',
  '<h1 style="text-align: center;"><span style="color:#f39c12"><strong>MẶT DÂY CHUYỀN TRẦM HƯƠNG CHÌM LOẠI 1</strong></span></h1><p style="text-align: justify;"><strong>THÔNG TIN SẢN PHẨM</strong></p><table border="1" cellspacing="1" cellpadding="1" style="width:500px"><tbody><tr><td style="width:147px">KÍCH THƯỚC</td><td style="width:339px">&nbsp;</td></tr><tr><td style="width:147px">LOẠI TRẦM</td><td style="width:339px">Trầm hương chìm tự nhiên loại 1</td></tr><tr><td style="width:147px">BẢO HÀNH</td><td style="width:339px">1 ĐỔI 1 trong vòng 1 THÁNG nếu có lỗi kỹ thuật</td></tr></tbody></table><p style="text-align: justify;"><br>&nbsp;</p><h2 style="text-align: justify;"><span style="color:#f39c12"><strong>MÔ TẢ SẢN PHẨM MẶT DÂY CHUYỀN TRẦM HƯƠNG CHÌM LOẠI 1</strong></span></h2><p style="text-align: center"><img src="//file.hstatic.net/200000591825/file/dc20-2_60d4bf71e3cb427698fce6026fca9999_grande.png"></p><p style="text-align: justify;">&nbsp;</p><p style="text-align: justify;"><strong>Mặt dây chuyền trầm hương chìm</strong> Sơn Hồng được thiết kế với dạng hình tròn, phía dưới đính thêm "3 chân vàng" thể hiện sự vững chắc và hoàn mỹ.&nbsp;</p><p style="text-align: justify;">&nbsp;</p><p style="text-align: justify;">Là sản phẩm có ý nghĩa và giá trị cao, mặt dây chuyền trầm hương có thể dùng làm quà tặng cao cấp cho bạn bè, người thân, đối tác và đồng nghiệp để gia tăng mối quan hệ tốt hơn cho bạn.</p><p style="text-align: justify;">&nbsp;</p><h2 style="text-align: justify;"><strong><span style="color:#f39c12">CÔNG DỤNG CỦA MẶT DÂY CHUYỀN GỖ TRẦM HƯƠNG</span></strong></h2><p style="text-align: justify;">&nbsp;</p><p style="text-align: justify;">Mặt dây chuyền gỗ trầm hương cao cấp giúp thu hút may mắn, tài lộc và thuận lợi trong làm ăn, đàm phán. Đồng thời giúp giữ tài, giữ lộc cho chủ sở hữu của mình.</p><p style="text-align: justify;">&nbsp;</p><p style="text-align: justify;">Mặt dây chuyền được ví như chiếc bùa cầu may cho người đeo. Hương trầm tỏa ra giúp xua đuổi cảm giác nặng nề, giảm stress, hóa giải điềm xấu, thu hút may mắn, tài lộc và đem đến những điều bình an. Trong cuộc sống hôn nhân, vợ chồng luôn hòa thuận, thấu hiểu lẫn nhau, tình cảm ngày thăng hoa, bền chặt.&nbsp;</p><p style="text-align: justify;">&nbsp;</p><p style="text-align: justify;"><strong>VỀ TRẦM HƯƠNG VIỆT NAM</strong></p><p style="text-align: justify;">Gỗ trầm hương Việt Nam được giới chuyên gia về trầm đánh giá rất cao trên thế giới về mùi hương, cũng như chất lượng nhờ vào điều kiện khí hậu &amp; thổ nhưỡng đặc trưng của rừng rậm nhiệt đới, nơi mà cây trầm phát triển và tạo trầm tốt nhất. Trầm Hương Việt Nam thường sinh trưởng tại các khu rừng rậm nhiệt đới ở Quảng Nam, Tây Nguyên, Phú Quốc,.. nơi cho ra trầm tốt nhất thế giới.&nbsp;</p><p style="text-align: justify;">&nbsp;</p><p style="text-align: justify;"><strong>GIỚI THIỆU VỀ&nbsp;TRẦM HƯƠNG SƠN HỒNG</strong></p><p style="text-align: justify;">Đối với bạn trầm hương là sự may mắn, đối với Sơn Hồng, trầm hương là tâm huyết của gia đình chúng tôi. Với hơn 30 năm làm trầm, chúng tôi hiểu giá trị của Trầm Hương và mong muốn mang trầm hương Việt đến với người Việt cùng với lời chúc về sự thịnh vượng và may mắn trong cuộc sống.</p><p style="text-align: justify;">&nbsp;</p><p style="text-align: justify;"><strong>CHÚNG TÔI CAM KẾT</strong></p><p style="text-align: justify;">- Nguồn gốc đúng: Trầm Hương Việt Nam được giới chuyên về trầm đánh giá tốt nhất thế giới về mùi thơm cũng như chất lượng.</p><p style="text-align: justify;">- Đúng &amp; đủ tuổi trầm như đã công bố: Chúng tôi cam kết sử dụng đúng loại trầm có số tuổi như đã công bố trên từng sản phẩm.&nbsp;</p><p style="text-align: justify;">- 100% sử dụng nguyên liệu tự nhiên: Chúng tôi không sử dụng bất kỳ hoá chất tạo màu hoặc tạo mùi nào trong tất cả các sản phẩm về trầm hương của Sơn Hồng.</p><p style="text-align: justify;"><br>&nbsp;</p>',
  NULL,
  'MẶT DÂY CHUYỀN TRẦM HƯƠNG BỌC VÀNG - MẪU 6 - TRẦM HƯƠNG CHÌM LOẠI 1',
  'Mặt dây chuyền trầm hương chìm Sơn Hồng được thiết kế với dạng hình tròn, phía dưới đính thêm "3 chân vàng" thể hiện sự vững chắc và hoàn mỹ.',
  'TRẦM HƯƠNG SƠN HỒNG',
  'VÒNG TAY',
  ARRAY['mặt dây chuyền'],
  'published',
  '2022-12-26T22:42:54+07:00'::timestamp,
  '2022-12-26T22:43:20+07:00'::timestamp
) ON CONFLICT (haravan_product_id) DO NOTHING;

INSERT INTO product_variants (
  product_id, haravan_variant_id, option1_name, option1_value,
  option2_name, option2_value, option3_name, option3_value,
  price, compare_at_price, sku, barcode, weight, inventory_quantity,
  inventory_policy, track_inventory, requires_shipping, taxable,
  unit, base_unit, conversion_rate, sell_by_unit
) VALUES (
  (SELECT id FROM products WHERE haravan_product_id = '1044081466'),
  '1097098123',
  'Title', 'mặt dây chuyền bọc vàng mẫu 6',
  NULL, NULL,
  NULL, NULL,
  0, NULL,
  NULL, NULL,
  60, 2,
  'deny', true,
  true, true,
  NULL, NULL,
  NULL, false
) ON CONFLICT (haravan_variant_id) DO NOTHING;

INSERT INTO product_images (product_id, url, alt_text_vi, position, is_primary)
VALUES (
  (SELECT id FROM products WHERE haravan_product_id = '1044081466'),
  'https://product.hstatic.net/200000591825/product/dc20-1_4acdffe3a4de49708c691544aec56533.png',
  NULL,
  1,
  true
);

INSERT INTO product_images (product_id, url, alt_text_vi, position, is_primary)
VALUES (
  (SELECT id FROM products WHERE haravan_product_id = '1044081466'),
  'https://product.hstatic.net/200000591825/product/dc20-2_e6470fb9d19d49eca90e510ba086ab0d.png',
  NULL,
  2,
  false
);

INSERT INTO product_images (product_id, url, alt_text_vi, position, is_primary)
VALUES (
  (SELECT id FROM products WHERE haravan_product_id = '1044081466'),
  'https://product.hstatic.net/200000591825/product/dc20-3_beed0e06208f4e76873da5c9237224a3.png',
  NULL,
  3,
  false
);

INSERT INTO product_images (product_id, url, alt_text_vi, position, is_primary)
VALUES (
  (SELECT id FROM products WHERE haravan_product_id = '1044081466'),
  'https://product.hstatic.net/200000591825/product/dc20-4_5d97d242bdf245b4a46fa1605c9ef05e.png',
  NULL,
  4,
  false
);


-- Product: DÂY CHUYỀN TRẦM HƯƠNG CHÌM ĐỐT TRÚC BỌC VÀNG - TRẦM HƯƠNG LOẠI 1
INSERT INTO products (
  haravan_product_id, name_vi, slug, description_vi, excerpt_vi,
  seo_title_vi, seo_description_vi, brand, product_type, tags, status,
  haravan_created_at, haravan_updated_at
) VALUES (
  '1044081540',
  'DÂY CHUYỀN TRẦM HƯƠNG CHÌM ĐỐT TRÚC BỌC VÀNG - TRẦM HƯƠNG LOẠI 1',
  'day-chuyen-tram-huong-chim-dot-truc-boc-vang-tram-huong-loai-1',
  '<h1 style="text-align: center;"><span style="color:#f39c12"><strong>DÂY CHUYỀN TRẦM HƯƠNG CHÌM ĐỐT TRÚC BỌC VÀNG CAO CẤP</strong></span></h1><p style="text-align: justify;"><strong>THÔNG TIN SẢN PHẨM</strong></p><table border="1" cellspacing="1" cellpadding="1" style="width:574px"><tbody><tr><td style="width:157px">SỐ HẠT</td><td style="width:403px">&nbsp;</td></tr><tr><td style="width:157px">KÍCH THƯỚC HẠT</td><td style="width:403px">&nbsp;</td></tr><tr><td style="width:157px">LOẠI TRẦM</td><td style="width:403px">Trầm hương chìm tự nhiên loại 1</td></tr><tr><td style="width:157px">ĐẶC TÍNH TRẦM</td><td style="width:403px">Mùi thơm nồng đặc biệt,&nbsp;màu trầm sẫm, vân trầm nổi bật</td></tr><tr><td style="width:157px">MẶT DÂY CHUYỀN</td><td style="width:403px">Trầm hương chìm bọc vàng&nbsp;</td></tr><tr><td style="width:157px">BỘ SẢN PHẨM GỒM</td><td style="width:403px">- 01 dây chuyền trầm hương chìm đốt trúc bọc vàng + mặt dây chuyền bọc vàng<br>- 01 Hộp gấm bảo quản vòng<br>- 01 Thẻ Bảo Hành</td></tr><tr><td style="width:157px">BẢO HÀNH</td><td style="width:403px">1 ĐỔI 1 trong vòng 1 THÁNG nếu có lỗi kỹ thuật</td></tr></tbody></table><p style="text-align: justify;"><br>&nbsp;</p><h2 style="text-align: justify;"><span style="color:#f39c12"><strong>MÔ TẢ SẢN PHẨM DÂY CHUYỀN TRẦM HƯƠNG CHÌM ĐỐT TRÚC</strong></span></h2><p style="text-align: center"><img src="//file.hstatic.net/200000591825/file/dc24-1_351cbee09ea145e4b2429cb986fe5abc_grande.png"></p><p style="text-align: justify;">&nbsp;</p><p style="text-align: justify;"><strong>Dây chuyền trầm hương chìm Đốt trúc bọc vàng Sơn Hồng</strong> được thiết kế sang trọng và đẳng cấp. Mỗi đốt trúc được đẽo, gọt, mài tỉ mỉ, mỗi đầu đốt đều được bọc vàng 24K. Mặt dây được làm bằng gỗ trầm hương chìm nước với các lớp vân trầm cao cấp.</p><p style="text-align: justify;">&nbsp;</p><p style="text-align: justify;">Mỗi một sản phẩm có dáng hình kích thước khác nhau hoàn toàn, đem đến cho khách hàng vẻ đẹp độc nhất, khẳng định đẳng cấp riêng, cá tính riêng.</p><p style="text-align: justify;">&nbsp;</p><p style="text-align: justify;">Là sản phẩm có ý nghĩa và giá trị cao, mặt dây chuyền trầm hương có thể dùng làm quà tặng cao cấp cho bạn bè, người thân, đối tác và đồng nghiệp để gia tăng mối quan hệ tốt hơn cho bạn.</p><p style="text-align: justify;">&nbsp;</p><h2 style="text-align: justify;"><span style="color:#f39c12"><strong>CÔNG DỤNG CỦA DÂY CHUYỀN GỖ TRẦM HƯƠNG CHÌM</strong></span></h2><p style="text-align: justify;">&nbsp;</p><p style="text-align: justify;">Dây chuyền gỗ trầm hương cao cấp giúp thu hút may mắn, tài lộc và thuận lợi trong làm ăn, đàm phán. Đồng thời giúp giữ tài, giữ lộc cho chủ sở hữu của mình.</p><p style="text-align: justify;">&nbsp;</p><p style="text-align: justify;">Dây chuyền&nbsp;trầm hương chìm tỏa ra hương thơm "thanh khiết" giúp xua đuổi cảm giác nặng nề, giảm stress, hóa giải điềm xấu, thu hút may mắn, tài lộc và đem đến những điều bình an. Trong cuộc sống hôn nhân, vợ chồng luôn hòa thuận, thấu hiểu lẫn nhau, tình cảm ngày thăng hoa, bền chặt.&nbsp;</p><p style="text-align: justify;">&nbsp;</p><p style="text-align: justify;"><strong>VỀ TRẦM HƯƠNG VIỆT NAM</strong></p><p style="text-align: justify;">Gỗ trầm hương Việt Nam được giới chuyên gia về trầm đánh giá rất cao trên thế giới về mùi hương, cũng như chất lượng nhờ vào điều kiện khí hậu &amp; thổ nhưỡng đặc trưng của rừng rậm nhiệt đới, nơi mà cây trầm phát triển và tạo trầm tốt nhất. Trầm Hương Việt Nam thường sinh trưởng tại các khu rừng rậm nhiệt đới ở Quảng Nam, Tây Nguyên, Phú Quốc,.. nơi cho ra trầm tốt nhất thế giới.&nbsp;</p><p style="text-align: justify;">&nbsp;</p><p style="text-align: justify;"><strong>GIỚI THIỆU VỀ&nbsp;TRẦM HƯƠNG SƠN HỒNG</strong></p><p style="text-align: justify;">Đối với bạn trầm hương là sự may mắn, đối với Sơn Hồng, trầm hương là tâm huyết của gia đình chúng tôi. Với hơn 30 năm làm trầm, chúng tôi hiểu giá trị của Trầm Hương và mong muốn mang trầm hương Việt đến với người Việt cùng với lời chúc về sự thịnh vượng và may mắn trong cuộc sống.</p><p style="text-align: justify;">&nbsp;</p><p style="text-align: justify;">Đến với Trầm Hương Sơn Hồng, bạn không chỉ được trải nghiệm những sản phẩm cao cấp nhất với chất lượng tốt nhất mà còn được sở hữu những sản phẩm mang đậm cá tính riêng, khẳng định đẳng cấp riêng của mình.</p><p style="text-align: justify;">&nbsp;</p><p style="text-align: justify;"><strong>CHÚNG TÔI CAM KẾT</strong></p><p style="text-align: justify;">- Nguồn gốc đúng: Trầm Hương Việt Nam được giới chuyên về trầm đánh giá tốt nhất thế giới về mùi thơm cũng như chất lượng.</p><p style="text-align: justify;">- Đúng &amp; đủ tuổi trầm như đã công bố: Chúng tôi cam kết sử dụng đúng loại trầm có số tuổi như đã công bố trên từng sản phẩm.&nbsp;</p><p style="text-align: justify;">- 100% sử dụng nguyên liệu tự nhiên: Chúng tôi không sử dụng bất kỳ hoá chất tạo màu hoặc tạo mùi nào trong tất cả các sản phẩm về trầm hương của Sơn Hồng.</p><p style="text-align: justify;"><br>&nbsp;</p>',
  NULL,
  'DÂY CHUYỀN TRẦM HƯƠNG CHÌM ĐỐT TRÚC BỌC VÀNG - TRẦM HƯƠNG LOẠI 1',
  'Dây chuyền trầm hương chìm Đốt trúc bọc vàng Sơn Hồng được thiết kế sang trọng và đẳng cấp. Mỗi đốt trúc được đẽo, gọt, mài tỉ mỉ, mỗi đầu đốt đều được bọc vàng 24K. Mặt dây được làm bằng gỗ trầm hương chìm nước với các lớp vân trầm cao cấp.',
  'TRẦM HƯƠNG SƠN HỒNG',
  'VÒNG TAY',
  ARRAY['Dây chuyền'],
  'published',
  '2022-12-26T23:01:50+07:00'::timestamp,
  '2022-12-29T11:17:06+07:00'::timestamp
) ON CONFLICT (haravan_product_id) DO NOTHING;

INSERT INTO product_variants (
  product_id, haravan_variant_id, option1_name, option1_value,
  option2_name, option2_value, option3_name, option3_value,
  price, compare_at_price, sku, barcode, weight, inventory_quantity,
  inventory_policy, track_inventory, requires_shipping, taxable,
  unit, base_unit, conversion_rate, sell_by_unit
) VALUES (
  (SELECT id FROM products WHERE haravan_product_id = '1044081540'),
  '1097098340',
  'Title', 'dây chuyền đốt trúc bọc vàng',
  NULL, NULL,
  NULL, NULL,
  35000000, NULL,
  NULL, NULL,
  100, 2,
  'deny', true,
  true, true,
  NULL, NULL,
  NULL, false
) ON CONFLICT (haravan_variant_id) DO NOTHING;

INSERT INTO product_images (product_id, url, alt_text_vi, position, is_primary)
VALUES (
  (SELECT id FROM products WHERE haravan_product_id = '1044081540'),
  'https://product.hstatic.net/200000591825/product/dc24-1_65836db297bf4a2c8321dd48e8d1ac2f.png',
  NULL,
  1,
  true
);

INSERT INTO product_images (product_id, url, alt_text_vi, position, is_primary)
VALUES (
  (SELECT id FROM products WHERE haravan_product_id = '1044081540'),
  'https://product.hstatic.net/200000591825/product/dc24-2_4b16e2f7593241e6add184c852edb1d7.png',
  NULL,
  2,
  false
);


-- Product: DÂY CHUYỀN TRẦM HƯƠNG CHÌM 108 HẠT TỰ NHIÊN
INSERT INTO products (
  haravan_product_id, name_vi, slug, description_vi, excerpt_vi,
  seo_title_vi, seo_description_vi, brand, product_type, tags, status,
  haravan_created_at, haravan_updated_at
) VALUES (
  '1044081623',
  'DÂY CHUYỀN TRẦM HƯƠNG CHÌM 108 HẠT TỰ NHIÊN',
  'day-chuyen-tram-huong-chim-108-hat-tu-nhien',
  '<p style="text-align: justify;"><strong>THÔNG TIN SẢN PHẨM</strong><br>&nbsp;</p><table border="1" cellspacing="1" cellpadding="1" style="width:500px"><tbody><tr><td style="width:159px">SỐ HẠT</td><td style="width:327px">108 hạt trầm chìm</td></tr><tr><td style="width:159px">KÍCH THƯỚC</td><td style="width:327px">&nbsp;</td></tr><tr><td style="width:159px">LOẠI TRẦM</td><td style="width:327px">Trầm hương chìm tự nhiên loại 1</td></tr><tr><td style="width:159px">ĐẶC TÍNH</td><td style="width:327px">Mùi thơm nồng đặc biệt,&nbsp;màu trầm sẫm, vân trầm nổi bật</td></tr><tr><td style="width:159px">MẶT DÂY CHUYỀN</td><td style="width:327px">Trầm hương chìm vô định hình</td></tr><tr><td style="width:159px">BỘ SẢN PHẨM GỒM</td><td style="width:327px">- 01 dây chuyền trầm hương chìm 108 hạt + mặt dây chuyền trầm hương vô định hình<br>- 01 Hộp gấm bảo quản vòng<br>- 01 Thẻ Bảo Hành</td></tr><tr><td style="width:159px">BẢO HÀNH</td><td style="width:327px">1 ĐỔI 1 trong vòng 1 THÁNG nếu có lỗi kỹ thuật</td></tr></tbody></table><h2 style="text-align: justify;">&nbsp;</h2><h2 style="text-align: justify;"><span style="color:#f39c12"><strong>MÔ TẢ SẢN PHẨM DÂY CHUYỀN TRẦM HƯƠNG CHÌM 108 HẠT</strong></span></h2><p style="text-align: center"><img src="//file.hstatic.net/200000591825/file/dc22-3_1dd1690f60ee4181b1aba2afc216655a_grande.png"></p><p style="text-align: justify;">&nbsp;</p><p style="text-align: justify;"><strong>Dây chuyền Trầm hương chìm 108 hạt tự nhiên</strong> được thiết kế sang trọng và đẳng cấp.. Mặt dây được làm bằng gỗ trầm hương chìm nước với các lớp vân trầm cao cấp.</p><p style="text-align: justify;">&nbsp;</p><p style="text-align: justify;">Mặt dây chuyền Trầm hương&nbsp;Sơn Hồng có dáng hình kích thước khác nhau hoàn toàn, đem đến cho khách hàng vẻ đẹp độc nhất, khẳng định đẳng cấp riêng, cá tính riêng.</p><p style="text-align: justify;">&nbsp;</p><p style="text-align: justify;">Là sản phẩm có ý nghĩa và giá trị cao,&nbsp;dây chuyền Trầm hương Sơn Hồng có thể dùng làm quà tặng cao cấp cho bạn bè, người thân, đối tác và đồng nghiệp để gia tăng mối quan hệ tốt hơn cho bạn.</p><p style="text-align: justify;">&nbsp;</p><h2 style="text-align: justify;"><span style="color:#f39c12"><strong>CÔNG DỤNG CỦA DÂY CHUYỀN GỖ TRẦM HƯƠNG CHÌM</strong></span></h2><p style="text-align: justify;">&nbsp;</p><p style="text-align: justify;">Dây chuyền gỗ trầm hương cao cấp giúp thu hút may mắn, tài lộc và thuận lợi trong làm ăn, đàm phán. Đồng thời giúp giữ tài, giữ lộc cho chủ sở hữu của mình.</p><p style="text-align: justify;">&nbsp;</p><p style="text-align: justify;">Dây chuyền được ví như chiếc bùa cầu may cho người đeo. Hương trầm tỏa ra giúp xua đuổi cảm giác nặng nề, giảm stress, hóa giải điềm xấu, thu hút may mắn, tài lộc và đem đến những điều bình an. Trong cuộc sống hôn nhân, vợ chồng luôn hòa thuận, thấu hiểu lẫn nhau, tình cảm ngày thăng hoa, bền chặt.&nbsp;</p><p style="text-align: justify;">&nbsp;</p><p style="text-align: justify;"><strong>VỀ TRẦM HƯƠNG VIỆT NAM</strong></p><p style="text-align: justify;">Gỗ trầm hương Việt Nam được giới chuyên gia về trầm đánh giá rất cao trên thế giới về mùi hương, cũng như chất lượng nhờ vào điều kiện khí hậu &amp; thổ nhưỡng đặc trưng của rừng rậm nhiệt đới, nơi mà cây trầm phát triển và tạo trầm tốt nhất. Trầm Hương Việt Nam thường sinh trưởng tại các khu rừng rậm nhiệt đới ở Quảng Nam, Tây Nguyên, Phú Quốc,.. nơi cho ra trầm tốt nhất thế giới.&nbsp;</p><p style="text-align: justify;">&nbsp;</p><p style="text-align: justify;"><strong>GIỚI THIỆU VỀ&nbsp;TRẦM HƯƠNG SƠN HỒNG</strong></p><p style="text-align: justify;">Đối với bạn trầm hương là sự may mắn, đối với Sơn Hồng, trầm hương là tâm huyết của gia đình chúng tôi. Với hơn 30 năm làm trầm, chúng tôi hiểu giá trị của Trầm Hương và mong muốn mang trầm hương Việt đến với người Việt cùng với lời chúc về sự thịnh vượng và may mắn trong cuộc sống.</p><p style="text-align: justify;">&nbsp;</p><p style="text-align: justify;">Đến với Trầm Hương Sơn Hồng, bạn không chỉ được trải nghiệm những sản phẩm cao cấp nhất với chất lượng tốt nhất mà còn được sở hữu những sản phẩm mang đậm cá tính riêng, khẳng định đẳng cấp riêng của mình.</p><p style="text-align: justify;">&nbsp;</p><p style="text-align: justify;"><strong>CHÚNG TÔI CAM KẾT</strong></p><p style="text-align: justify;">- Nguồn gốc đúng: Trầm Hương Việt Nam được giới chuyên về trầm đánh giá tốt nhất thế giới về mùi thơm cũng như chất lượng.</p><p style="text-align: justify;">- Đúng &amp; đủ tuổi trầm như đã công bố: Chúng tôi cam kết sử dụng đúng loại trầm có số tuổi như đã công bố trên từng sản phẩm.&nbsp;</p><p style="text-align: justify;">- 100% sử dụng nguyên liệu tự nhiên: Chúng tôi không sử dụng bất kỳ hoá chất tạo màu hoặc tạo mùi nào trong tất cả các sản phẩm về trầm hương của Sơn Hồng.</p><p style="text-align: justify;"><br>&nbsp;</p>',
  NULL,
  'DÂY CHUYỀN TRẦM HƯƠNG CHÌM 108 HẠT TỰ NHIÊN',
  'Dây chuyền Trầm hương chìm 108 hạt tự nhiên được thiết kế sang trọng và đẳng cấp. Mặt dây được làm bằng gỗ trầm hương chìm nước với các lớp vân trầm cao cấp.',
  'TRẦM HƯƠNG SƠN HỒNG',
  'VÒNG TAY',
  ARRAY['Dây chuyền'],
  'published',
  '2022-12-26T23:13:37+07:00'::timestamp,
  '2022-12-26T23:14:03+07:00'::timestamp
) ON CONFLICT (haravan_product_id) DO NOTHING;

INSERT INTO product_variants (
  product_id, haravan_variant_id, option1_name, option1_value,
  option2_name, option2_value, option3_name, option3_value,
  price, compare_at_price, sku, barcode, weight, inventory_quantity,
  inventory_policy, track_inventory, requires_shipping, taxable,
  unit, base_unit, conversion_rate, sell_by_unit
) VALUES (
  (SELECT id FROM products WHERE haravan_product_id = '1044081623'),
  '1097098498',
  'Title', 'dây chuyền 108 hạt',
  NULL, NULL,
  NULL, NULL,
  0, NULL,
  NULL, NULL,
  60, 1,
  'deny', true,
  true, true,
  NULL, NULL,
  NULL, false
) ON CONFLICT (haravan_variant_id) DO NOTHING;

INSERT INTO product_images (product_id, url, alt_text_vi, position, is_primary)
VALUES (
  (SELECT id FROM products WHERE haravan_product_id = '1044081623'),
  'https://product.hstatic.net/200000591825/product/dc22-1_0e6679a5140547ab98249af0e40e8143.png',
  NULL,
  1,
  true
);

INSERT INTO product_images (product_id, url, alt_text_vi, position, is_primary)
VALUES (
  (SELECT id FROM products WHERE haravan_product_id = '1044081623'),
  'https://product.hstatic.net/200000591825/product/dc22-4_26a2249ba3e14b35966591a6f77421a0.png',
  NULL,
  2,
  false
);

INSERT INTO product_images (product_id, url, alt_text_vi, position, is_primary)
VALUES (
  (SELECT id FROM products WHERE haravan_product_id = '1044081623'),
  'https://product.hstatic.net/200000591825/product/dc22-2_4537e9ac49c94b8d9349e75b2457ec74.png',
  NULL,
  3,
  false
);

INSERT INTO product_images (product_id, url, alt_text_vi, position, is_primary)
VALUES (
  (SELECT id FROM products WHERE haravan_product_id = '1044081623'),
  'https://product.hstatic.net/200000591825/product/dc22-3_83f2ed73aaa14b099d6d6554e4ba336b.png',
  NULL,
  4,
  false
);


-- Product: TRẦM HƯƠNG CẢNH MINI - MẪU 1
INSERT INTO products (
  haravan_product_id, name_vi, slug, description_vi, excerpt_vi,
  seo_title_vi, seo_description_vi, brand, product_type, tags, status,
  haravan_created_at, haravan_updated_at
) VALUES (
  '1044081674',
  'TRẦM HƯƠNG CẢNH MINI - MẪU 1',
  'tram-huong-canh-mini-mau-1',
  '<h1 style="text-align: center;"><strong><span style="color:#f39c12">TRẦM HƯƠNG CẢNH MINI - MẪU 1</span></strong></h1><p><strong>THÔNG TIN SẢN PHẨM</strong></p>&nbsp;<table border="1" cellspacing="1" cellpadding="1" style="width:500px"><tbody><tr><td style="width:140px">KÍCH THƯỚC</td><td style="width:346px">&nbsp;</td></tr><tr><td style="width:140px">LOẠI TRẦM</td><td style="width:346px">Trầm hương tự nhiên</td></tr><tr><td style="width:140px">BẢO HÀNH</td><td style="width:346px">1 ĐỔI 1 trong vòng 1 THÁNG nếu có lỗi kỹ thuật</td></tr></tbody></table><br><h2><span style="color:#f39c12"><strong>MÔ TẢ SẢN PHẨM TRẦM HƯƠNG CẢNH MINI</strong></span></h2><p style="text-align: center"><img src="//file.hstatic.net/200000591825/file/tbmini1-1_77ff1ff23fef4b56a1dc4a8805ff6539_grande.png"></p>&nbsp;<p><strong>Trầm cảnh mini Sơn Hồng</strong> được sản xuất từ gỗ trầm hương thiên nhiên 100% với mùi thơm thoang thoảng, dịu nhẹ. Qua đôi bàn tay khéo léo của người nghệ nhân lành nghề, những khối trầm cảnh được tạo hình vô cùng bắt mắt và độc đáo.&nbsp;</p><br><h2><span style="color:#f39c12"><strong>CÔNG DỤNG CỦA TRẦM HƯƠNG CẢNH MINI SƠN HỒNG</strong></span></h2>&nbsp;<p>Việc đặt một khối trầm hương cảnh trong nhà với hương thơm nhẹ nhàng, tinh tế và thoang thoảng chính là giải pháp giải tỏa căng thẳng hiệu quả.&nbsp;</p>&nbsp;<p>Nếu đặt trầm cảnh trong gia đình, các thành viên đoàn kết và hòa thuận mang đến không gian thoải mái nhất cho cả nhà.&nbsp;</p>&nbsp;<p>Trầm cảnh cũng có tác dụng thu hút năng lượng tích cực, chiêu tài, rước lộc và mang đến may mắn cho gia chủ. Từ đó, trầm cảnh cũng có tác dụng hỗ trợ con đường sự nghiệp thăng hoa và việc buôn bán thuận lợi hơn bao giờ hết.</p>&nbsp;<h2><span style="color:#f39c12"><strong>VỊ TRÍ ĐẶT TRẦM CẢNH ĐỂ HỢP PHONG THUỶ</strong></span></h2><p>- Vì là vật linh thiêng nên cũng có quan niệm rằng nên đặt trầm cảnh ở những nơi thần tiên vào nhà hoặc ở cửa chính.</p><p>- Đặt ở trên bàn học để giúp tinh thần thoải mái, tập trung và đạt được kết quả tốt</p><p>- Đặt ở trên bàn làm việc sẽ giúp công việc hay những cuộc đàm phán trở lên tốt đẹp, suôn sẻ, thu hút tài lộc.</p>&nbsp;<p><strong>VỀ TRẦM HƯƠNG VIỆT NAM</strong></p><p>Gỗ trầm hương Việt Nam được giới chuyên gia về trầm đánh giá rất cao trên thế giới về mùi hương, cũng như chất lượng nhờ vào điều kiện khí hậu &amp; thổ nhưỡng đặc trưng của rừng rậm nhiệt đới, nơi mà cây trầm phát triển và tạo trầm tốt nhất. Trầm Hương Việt Nam thường sinh trưởng tại các khu rừng rậm nhiệt đới ở Quảng Nam, Tây Nguyên, Phú Quốc,.. nơi cho ra trầm tốt nhất thế giới.&nbsp;</p>&nbsp;<p><strong>GIỚI THIỆU VỀ&nbsp;TRẦM HƯƠNG SƠN HỒNG</strong></p><p>Đối với bạn trầm hương là sự may mắn, đối với Sơn Hồng, trầm hương là tâm huyết của gia đình chúng tôi. Với hơn 30 năm làm trầm, chúng tôi hiểu giá trị của Trầm Hương và mong muốn mang trầm hương Việt đến với người Việt cùng với lời chúc về sự thịnh vượng và may mắn trong cuộc sống.</p>&nbsp;<p><strong>CHÚNG TÔI CAM KẾT</strong></p><p>- Nguồn gốc đúng: Trầm Hương Việt Nam được giới chuyên về trầm đánh giá tốt nhất thế giới về mùi thơm cũng như chất lượng.</p><p>- Đúng &amp; đủ tuổi trầm như đã công bố: Chúng tôi cam kết sử dụng đúng loại trầm có số tuổi như đã công bố trên từng sản phẩm.&nbsp;</p><p>- 100% sử dụng nguyên liệu tự nhiên: Chúng tôi không sử dụng bất kỳ hoá chất tạo màu hoặc tạo mùi nào trong tất cả các sản phẩm về trầm hương của Sơn Hồng.</p><br><br>',
  NULL,
  'TRẦM HƯƠNG CẢNH MINI - MẪU 1',
  'Trầm hương cảnh mini Sơn Hồng được sản xuất từ gỗ trầm hương thiên nhiên 100% với mùi thơm thoang thoảng, dịu nhẹ. Qua đôi bàn tay khéo léo của người nghệ nhân lành nghề, những khối trầm cảnh được tạo hình vô cùng bắt mắt và độc đáo.',
  'TRẦM HƯƠNG SƠN HỒNG',
  'Khác',
  ARRAY['trầm hương cảnh'],
  'published',
  '2022-12-26T23:29:52+07:00'::timestamp,
  '2022-12-31T15:10:52+07:00'::timestamp
) ON CONFLICT (haravan_product_id) DO NOTHING;

INSERT INTO product_variants (
  product_id, haravan_variant_id, option1_name, option1_value,
  option2_name, option2_value, option3_name, option3_value,
  price, compare_at_price, sku, barcode, weight, inventory_quantity,
  inventory_policy, track_inventory, requires_shipping, taxable,
  unit, base_unit, conversion_rate, sell_by_unit
) VALUES (
  (SELECT id FROM products WHERE haravan_product_id = '1044081674'),
  '1097098615',
  'Title', 'trầm hương cảnh mẫu 1',
  NULL, NULL,
  NULL, NULL,
  2000000, NULL,
  NULL, NULL,
  800, 1,
  'deny', true,
  true, true,
  NULL, NULL,
  NULL, false
) ON CONFLICT (haravan_variant_id) DO NOTHING;

INSERT INTO product_images (product_id, url, alt_text_vi, position, is_primary)
VALUES (
  (SELECT id FROM products WHERE haravan_product_id = '1044081674'),
  'https://product.hstatic.net/200000591825/product/tbmini1-1_d2983523fde44680ac23ec42d4886106.png',
  NULL,
  1,
  true
);

INSERT INTO product_images (product_id, url, alt_text_vi, position, is_primary)
VALUES (
  (SELECT id FROM products WHERE haravan_product_id = '1044081674'),
  'https://product.hstatic.net/200000591825/product/tbmini1-2_0cd922c76a3f4ad3a38ac36c605a0cec.png',
  NULL,
  2,
  false
);


-- Product: TRẦM HƯƠNG CẢNH MINI - MẪU 2
INSERT INTO products (
  haravan_product_id, name_vi, slug, description_vi, excerpt_vi,
  seo_title_vi, seo_description_vi, brand, product_type, tags, status,
  haravan_created_at, haravan_updated_at
) VALUES (
  '1044090826',
  'TRẦM HƯƠNG CẢNH MINI - MẪU 2',
  'tram-huong-canh-mini-mau-2',
  '<h1 style="text-align: center;"><span style="color:#f39c12"><strong>TRẦM HƯƠNG CẢNH MINI - MẪU 2</strong></span></h1><p style="text-align: justify;"><strong>THÔNG TIN SẢN PHẨM</strong><br>&nbsp;</p><table border="1" cellspacing="1" cellpadding="1" style="width:500px"><tbody><tr><td style="width:148px">KÍCH THƯỚC</td><td style="width:338px">&nbsp;</td></tr><tr><td style="width:148px">LOẠI TRẦM</td><td style="width:338px">Trầm hương tự nhiên</td></tr><tr><td style="width:148px">ĐẶC TÍNH</td><td style="width:338px">Mùi hương nhẹ nhàng, dịu ngọt</td></tr><tr><td style="width:148px">BẢO HÀNH</td><td style="width:338px">1 ĐỔI 1 trong vòng 1 THÁNG nếu có lỗi kỹ thuật</td></tr></tbody></table><p style="text-align: center">&nbsp;</p><h2 style="text-align: justify;"><span style="color:#f39c12"><strong>MÔ TẢ SẢN PHẨM TRẦM HƯƠNG CẢNH MINI</strong></span></h2><p style="text-align: center"><img src="//file.hstatic.net/200000591825/file/tbmini2-1_489dca5402cd45e89edc74b6348e7707_grande.png"></p><p style="text-align: justify;">&nbsp;</p><p style="text-align: justify;"><strong>Trầm cảnh mini Sơn Hồng</strong> được sản xuất từ gỗ trầm hương thiên nhiên 100% với mùi thơm thoang thoảng, dịu nhẹ. Qua đôi bàn tay khéo léo của người nghệ nhân lành nghề, những khối trầm cảnh được tạo hình vô cùng bắt mắt và độc đáo.&nbsp;</p><p style="text-align: justify;">&nbsp;</p><h2 style="text-align: justify;"><strong><span style="color:#f39c12">CÔNG DỤNG CỦA TRẦM HƯƠNG CẢNH MINI SƠN HỒNG</span></strong></h2><p style="text-align: justify;">&nbsp;</p><p style="text-align: justify;">Việc đặt một khối trầm hương cảnh trong nhà với hương thơm nhẹ nhàng, tinh tế và thoang thoảng chính là giải pháp giải tỏa căng thẳng hiệu quả.&nbsp;</p><p style="text-align: justify;">&nbsp;</p><p style="text-align: justify;">Nếu đặt trầm cảnh trong gia đình, các thành viên đoàn kết và hòa thuận mang đến không gian thoải mái nhất cho cả nhà.&nbsp;</p><p style="text-align: justify;">&nbsp;</p><p style="text-align: justify;">Trầm cảnh cũng có tác dụng thu hút năng lượng tích cực, chiêu tài, rước lộc và mang đến may mắn cho gia chủ. Từ đó, trầm cảnh cũng có tác dụng hỗ trợ con đường sự nghiệp thăng hoa và việc buôn bán thuận lợi hơn bao giờ hết.</p><p style="text-align: justify;">&nbsp;</p><p style="text-align: justify;">VỊ TRÍ ĐẶT TRẦM CẢNH ĐỂ HỢP PHONG THUỶ</p><p style="text-align: justify;">- Vì là vật linh thiêng nên cũng có quan niệm rằng nên đặt trầm cảnh ở những nơi thần tiên vào nhà hoặc ở cửa chính.</p><p style="text-align: justify;">- Đặt ở trên bàn học để giúp tinh thần thoải mái, tập trung và đạt được kết quả tốt</p><p style="text-align: justify;">- Đặt ở trên bàn làm việc sẽ giúp công việc hay những cuộc đàm phán trở lên tốt đẹp, suôn sẻ, thu hút tài lộc.</p><p style="text-align: justify;">&nbsp;</p><p style="text-align: justify;"><strong>VỀ TRẦM HƯƠNG VIỆT NAM</strong></p><p style="text-align: justify;">Gỗ trầm hương Việt Nam được giới chuyên gia về trầm đánh giá rất cao trên thế giới về mùi hương, cũng như chất lượng nhờ vào điều kiện khí hậu &amp; thổ nhưỡng đặc trưng của rừng rậm nhiệt đới, nơi mà cây trầm phát triển và tạo trầm tốt nhất. Trầm Hương Việt Nam thường sinh trưởng tại các khu rừng rậm nhiệt đới ở Quảng Nam, Tây Nguyên, Phú Quốc,.. nơi cho ra trầm tốt nhất thế giới.&nbsp;</p><p style="text-align: justify;">&nbsp;</p><p style="text-align: justify;"><strong>GIỚI THIỆU VỀ&nbsp; TRẦM HƯƠNG SƠN HỒNG</strong></p><p style="text-align: justify;">Đối với bạn trầm hương là sự may mắn, đối với Sơn Hồng, trầm hương là tâm huyết của gia đình chúng tôi. Với hơn 30 năm làm trầm, chúng tôi hiểu giá trị của Trầm Hương và mong muốn mang trầm hương Việt đến với người Việt cùng với lời chúc về sự thịnh vượng và may mắn trong cuộc sống.</p><p style="text-align: justify;">&nbsp;</p><p style="text-align: justify;"><strong>CHÚNG TÔI CAM KẾT</strong></p><p style="text-align: justify;">- Nguồn gốc đúng: Trầm Hương Việt Nam được giới chuyên về trầm đánh giá tốt nhất thế giới về mùi thơm cũng như chất lượng.</p><p style="text-align: justify;">- Đúng &amp; đủ tuổi trầm như đã công bố: Chúng tôi cam kết sử dụng đúng loại trầm có số tuổi như đã công bố trên từng sản phẩm.&nbsp;</p><p style="text-align: justify;">- 100% sử dụng nguyên liệu tự nhiên: Chúng tôi không sử dụng bất kỳ hoá chất tạo màu hoặc tạo mùi nào trong tất cả các sản phẩm về trầm hương của Sơn Hồng.</p><p style="text-align: justify;"><br>&nbsp;</p>',
  NULL,
  'TRẦM HƯƠNG CẢNH MINI - MẪU 2',
  'Trầm cảnh mini Sơn Hồng được sản xuất từ gỗ trầm hương thiên nhiên 100% với mùi thơm thoang thoảng, dịu nhẹ. Qua đôi bàn tay khéo léo của người nghệ nhân lành nghề, những khối trầm cảnh được tạo hình vô cùng bắt mắt và độc đáo.',
  'TRẦM HƯƠNG SƠN HỒNG',
  'Khác',
  ARRAY['trầm hương cảnh', 'trầm cảnh'],
  'published',
  '2022-12-27T10:21:31+07:00'::timestamp,
  '2022-12-31T15:11:47+07:00'::timestamp
) ON CONFLICT (haravan_product_id) DO NOTHING;

INSERT INTO product_variants (
  product_id, haravan_variant_id, option1_name, option1_value,
  option2_name, option2_value, option3_name, option3_value,
  price, compare_at_price, sku, barcode, weight, inventory_quantity,
  inventory_policy, track_inventory, requires_shipping, taxable,
  unit, base_unit, conversion_rate, sell_by_unit
) VALUES (
  (SELECT id FROM products WHERE haravan_product_id = '1044090826'),
  '1097121844',
  'Title', 'trầm cảnh mini mẫu 2',
  NULL, NULL,
  NULL, NULL,
  0, NULL,
  NULL, NULL,
  800, 1,
  'deny', true,
  true, true,
  NULL, NULL,
  NULL, false
) ON CONFLICT (haravan_variant_id) DO NOTHING;

INSERT INTO product_images (product_id, url, alt_text_vi, position, is_primary)
VALUES (
  (SELECT id FROM products WHERE haravan_product_id = '1044090826'),
  'https://product.hstatic.net/200000591825/product/tbmini2-2_6323b56be11642668a0addf6564759f7.png',
  NULL,
  1,
  true
);

INSERT INTO product_images (product_id, url, alt_text_vi, position, is_primary)
VALUES (
  (SELECT id FROM products WHERE haravan_product_id = '1044090826'),
  'https://product.hstatic.net/200000591825/product/tbmini2-1_b8655ad5b6574f2e9259929f81df0c5e.png',
  NULL,
  2,
  false
);


-- Product: TRẦM HƯƠNG CẢNH MINI - MẪU 3
INSERT INTO products (
  haravan_product_id, name_vi, slug, description_vi, excerpt_vi,
  seo_title_vi, seo_description_vi, brand, product_type, tags, status,
  haravan_created_at, haravan_updated_at
) VALUES (
  '1044091352',
  'TRẦM HƯƠNG CẢNH MINI - MẪU 3',
  'tram-huong-canh-mini-mau-3',
  '<h1 style="text-align: center;"><strong><span style="color:#f39c12">TRẦM HƯƠNG CẢNH MINI MẪU 3</span></strong></h1><p style="text-align: justify;"><strong>THÔNG TIN SẢN PHẨM</strong><br>&nbsp;</p><table border="1" cellspacing="1" cellpadding="1" style="width:500px"><tbody><tr><td style="width:153px">KÍCH THƯỚC</td><td style="width:333px">&nbsp;</td></tr><tr><td style="width:153px">LOẠI TRẦM</td><td style="width:333px">Trầm hương tự nhiên</td></tr><tr><td style="width:153px">ĐẶC TÍNH</td><td style="width:333px">Mùi hương nhẹ nhàng, dịu ngọt</td></tr><tr><td style="width:153px">BẢO HÀNH</td><td style="width:333px">1 ĐỔI 1 trong vòng 1 THÁNG nếu có lỗi kỹ thuật</td></tr></tbody></table><h2 style="text-align: justify;"><span style="color:#f39c12"><strong>MÔ TẢ SẢN PHẨM TRẦM HƯƠNG CẢNH MINI&nbsp;</strong></span></h2><p style="text-align: center"><img src="//file.hstatic.net/200000591825/file/tbmini3-1_bb462e04baf04fbea1c0e186078b942c_grande.png"></p><p style="text-align: justify;">&nbsp;</p><p style="text-align: justify;"><strong>Trầm Hương cảnh mini Sơn Hồng</strong> được sản xuất từ gỗ trầm hương thiên nhiên 100% với mùi thơm thoang thoảng, dịu nhẹ. Qua đôi bàn tay khéo léo của người nghệ nhân lành nghề, những khối trầm cảnh được tạo hình vô cùng bắt mắt và độc đáo.&nbsp;</p><p style="text-align: justify;">&nbsp;</p><p>Trầm Hương rừng thiên nhiên trưng bầy trong nhà bảo vệ gia chủ khỏi các tai nạn và xui xẻo. Ngoài ra trưng bầy trầm hương trong nhà sẽ không bị ảnh hưởng bởi âm khí hóa giải được tiểu nhân ám hại.</p><p style="text-align: justify;">&nbsp;</p><h2 style="text-align: justify;"><span style="color:#f39c12"><strong>CÔNG DỤNG CỦA TRẦM HƯƠNG CẢNH MINI SƠN HỒNG</strong></span></h2><p style="text-align: justify;">&nbsp;</p><p style="text-align: justify;">Việc đặt một khối trầm hương cảnh trong nhà với hương thơm nhẹ nhàng, tinh tế và thoang thoảng chính là giải pháp giải tỏa căng thẳng hiệu quả.&nbsp;</p><p style="text-align: justify;">&nbsp;</p><p style="text-align: justify;">Nếu đặt trầm cảnh trong gia đình, các thành viên đoàn kết và hòa thuận mang đến không gian thoải mái nhất cho cả nhà.&nbsp;</p><p style="text-align: justify;">&nbsp;</p><p style="text-align: justify;">Trầm cảnh cũng có tác dụng thu hút năng lượng tích cực, chiêu tài, rước lộc và mang đến may mắn cho gia chủ. Từ đó, trầm cảnh cũng có tác dụng hỗ trợ con đường sự nghiệp thăng hoa và việc buôn bán thuận lợi hơn bao giờ hết.</p><p style="text-align: justify;">&nbsp;</p><h2 style="text-align: justify;"><span style="color:#f39c12"><strong>VỊ TRÍ ĐẶT TRẦM CẢNH ĐỂ HỢP PHONG THUỶ</strong></span></h2><p style="text-align: justify;">&nbsp;</p><p style="text-align: justify;">- Vì là vật linh thiêng nên cũng có quan niệm rằng nên đặt trầm cảnh ở những nơi thần tiên vào nhà hoặc ở cửa chính.</p><p style="text-align: justify;">- Đặt ở trên bàn học để giúp tinh thần thoải mái, tập trung và đạt được kết quả tốt</p><p style="text-align: justify;">- Đặt ở trên bàn làm việc sẽ giúp công việc hay những cuộc đàm phán trở lên tốt đẹp, suôn sẻ, thu hút tài lộc.</p><p style="text-align: justify;">&nbsp;</p><p style="text-align: justify;"><strong>VỀ TRẦM HƯƠNG VIỆT NAM</strong></p><p style="text-align: justify;">Gỗ trầm hương Việt Nam được giới chuyên gia về trầm đánh giá rất cao trên thế giới về mùi hương, cũng như chất lượng nhờ vào điều kiện khí hậu &amp; thổ nhưỡng đặc trưng của rừng rậm nhiệt đới, nơi mà cây trầm phát triển và tạo trầm tốt nhất. Trầm Hương Việt Nam thường sinh trưởng tại các khu rừng rậm nhiệt đới ở Quảng Nam, Tây Nguyên, Phú Quốc,.. nơi cho ra trầm tốt nhất thế giới.&nbsp;</p><p style="text-align: justify;">&nbsp;</p><p style="text-align: justify;"><strong>GIỚI THIỆU VỀ&nbsp;TRẦM HƯƠNG SƠN HỒNG</strong></p><p style="text-align: justify;">Đối với bạn trầm hương là sự may mắn, đối với Sơn Hồng, trầm hương là tâm huyết của gia đình chúng tôi. Với hơn 30 năm làm trầm, chúng tôi hiểu giá trị của Trầm Hương và mong muốn mang trầm hương Việt đến với người Việt cùng với lời chúc về sự thịnh vượng và may mắn trong cuộc sống.</p><p style="text-align: justify;">&nbsp;</p><p style="text-align: justify;"><strong>CHÚNG TÔI CAM KẾT</strong></p><p style="text-align: justify;">- Nguồn gốc đúng: Trầm Hương Việt Nam được giới chuyên về trầm đánh giá tốt nhất thế giới về mùi thơm cũng như chất lượng.</p><p style="text-align: justify;">- Đúng &amp; đủ tuổi trầm như đã công bố: Chúng tôi cam kết sử dụng đúng loại trầm có số tuổi như đã công bố trên từng sản phẩm.&nbsp;</p><p style="text-align: justify;">- 100% sử dụng nguyên liệu tự nhiên: Chúng tôi không sử dụng bất kỳ hoá chất tạo màu hoặc tạo mùi nào trong tất cả các sản phẩm về trầm hương của Sơn Hồng.</p><p style="text-align: justify;"><br>&nbsp;</p>',
  NULL,
  'TRẦM HƯƠNG CẢNH MINI - MẪU 3',
  'Trầm cảnh mini Sơn Hồng được sản xuất từ gỗ trầm hương thiên nhiên 100% với mùi thơm thoang thoảng, dịu nhẹ. Qua đôi bàn tay khéo léo của người nghệ nhân lành nghề, những khối trầm cảnh được tạo hình vô cùng bắt mắt và độc đáo.',
  'TRẦM HƯƠNG SƠN HỒNG',
  'Khác',
  ARRAY['trầm hương cảnh', 'trầm cảnh'],
  'published',
  '2022-12-27T10:27:55+07:00'::timestamp,
  '2022-12-31T15:12:50+07:00'::timestamp
) ON CONFLICT (haravan_product_id) DO NOTHING;

INSERT INTO product_variants (
  product_id, haravan_variant_id, option1_name, option1_value,
  option2_name, option2_value, option3_name, option3_value,
  price, compare_at_price, sku, barcode, weight, inventory_quantity,
  inventory_policy, track_inventory, requires_shipping, taxable,
  unit, base_unit, conversion_rate, sell_by_unit
) VALUES (
  (SELECT id FROM products WHERE haravan_product_id = '1044091352'),
  '1097123174',
  'Title', 'trầm hương cảnh mini mẫu 3',
  NULL, NULL,
  NULL, NULL,
  0, NULL,
  NULL, NULL,
  800, 1,
  'deny', true,
  true, true,
  NULL, NULL,
  NULL, false
) ON CONFLICT (haravan_variant_id) DO NOTHING;

INSERT INTO product_images (product_id, url, alt_text_vi, position, is_primary)
VALUES (
  (SELECT id FROM products WHERE haravan_product_id = '1044091352'),
  'https://product.hstatic.net/200000591825/product/tbmini3-1_8a6af2b1c2d9473db8a89bb9949f110a.png',
  NULL,
  1,
  true
);


-- Product: TRẦM HƯƠNG CẢNH MINI - MẪU 4
INSERT INTO products (
  haravan_product_id, name_vi, slug, description_vi, excerpt_vi,
  seo_title_vi, seo_description_vi, brand, product_type, tags, status,
  haravan_created_at, haravan_updated_at
) VALUES (
  '1044092005',
  'TRẦM HƯƠNG CẢNH MINI - MẪU 4',
  'tram-huong-canh-mini-mau-4',
  '<h1 style="text-align: center;"><span style="color:#f39c12"><strong>TRẦM HƯƠNG CẢNH MINI - MẪU 4</strong></span></h1><p style="text-align: justify;">&nbsp;</p><p style="text-align: justify;"><strong>THÔNG TIN SẢN PHẨM</strong></p><table border="1" cellspacing="1" cellpadding="1" style="width:500px"><tbody><tr><td style="width:161px">KÍCH THƯỚC</td><td style="width:325px">&nbsp;</td></tr><tr><td style="width:161px">LOẠI TRẦM</td><td style="width:325px">Trầm hương tự nhiên</td></tr><tr><td style="width:161px">ĐẶC TÍNH</td><td style="width:325px">Mùi hương nhẹ nhàng, dịu ngọt</td></tr><tr><td style="width:161px">BẢO HÀNH</td><td style="width:325px">1 ĐỔI 1 trong vòng 1 THÁNG nếu có lỗi kỹ thuật</td></tr></tbody></table><p style="text-align: justify;">&nbsp;</p><h2 style="text-align: justify;"><span style="color:#f39c12"><strong>MÔ TẢ SẢN PHẨM TRẦM HƯƠNG CẢNH MINI</strong></span></h2><p style="text-align: center"><img src="//file.hstatic.net/200000591825/file/tbmini4-1_d1d995ac43194032b2bdee492a1fda3a_grande.png"></p><p style="text-align: justify;">&nbsp;</p><p style="text-align: justify;"><strong>Trầm cảnh mini Sơn Hồng</strong> được sản xuất từ gỗ trầm hương thiên nhiên 100% với mùi thơm thoang thoảng, dịu nhẹ. Qua đôi bàn tay khéo léo của người nghệ nhân lành nghề, những khối trầm cảnh được tạo hình vô cùng bắt mắt và độc đáo.</p><p style="text-align: justify;">&nbsp;</p><p style="text-align: justify;">Trầm cảnh mini ngày càng được nhiều người “yêu trầm” tìm mua để trang trí hay làm quà tặng phong thuỷ ý nghĩa. Nghệ thuật thưởng Trầm sang trọng, quý phái thể hiện đẳng cấp của người chơi Trầm.</p><p style="text-align: justify;">&nbsp;</p><h2 style="text-align: justify;"><span style="color:#f39c12"><strong>CÔNG DỤNG CỦA TRẦM HƯƠNG CẢNH MINI SƠN HỒNG</strong></span></h2><p style="text-align: justify;">&nbsp;</p><p style="text-align: justify;">Việc đặt một khối <em>trầm hương cảnh </em>trong nhà với hương thơm nhẹ nhàng, tinh tế và thoang thoảng chính là giải pháp giải tỏa căng thẳng hiệu quả.&nbsp;</p><p style="text-align: justify;">&nbsp;</p><p style="text-align: justify;">Nếu đặt trầm cảnh trong gia đình, các thành viên đoàn kết và hòa thuận mang đến không gian thoải mái nhất cho cả nhà.&nbsp;</p><p style="text-align: justify;">&nbsp;</p><p style="text-align: justify;">Trầm cảnh cũng có tác dụng thu hút năng lượng tích cực, chiêu tài, rước lộc và mang đến may mắn cho gia chủ. Từ đó, trầm cảnh cũng có tác dụng hỗ trợ con đường sự nghiệp thăng hoa và việc buôn bán thuận lợi hơn bao giờ hết.</p><p style="text-align: justify;">&nbsp;</p><h2 style="text-align: justify;"><strong><span style="color:#f39c12">VỊ TRÍ ĐẶT TRẦM CẢNH ĐỂ HỢP PHONG THUỶ</span></strong></h2><p style="text-align: justify;">&nbsp;</p><p style="text-align: justify;">- Vì là vật linh thiêng nên cũng có quan niệm rằng nên đặt trầm cảnh ở những nơi thần tiên vào nhà hoặc ở cửa chính.</p><p style="text-align: justify;">- Đặt ở trên bàn học để giúp tinh thần thoải mái, tập trung và đạt được kết quả tốt</p><p style="text-align: justify;">- Đặt ở trên bàn làm việc sẽ giúp công việc hay những cuộc đàm phán trở lên tốt đẹp, suôn sẻ, thu hút tài lộc.</p><p style="text-align: justify;">&nbsp;</p><p style="text-align: justify;"><strong>VỀ TRẦM HƯƠNG VIỆT NAM</strong></p><p style="text-align: justify;">Gỗ trầm hương Việt Nam được giới chuyên gia về trầm đánh giá rất cao trên thế giới về mùi hương, cũng như chất lượng nhờ vào điều kiện khí hậu &amp; thổ nhưỡng đặc trưng của rừng rậm nhiệt đới, nơi mà cây trầm phát triển và tạo trầm tốt nhất. Trầm Hương Việt Nam thường sinh trưởng tại các khu rừng rậm nhiệt đới ở Quảng Nam, Tây Nguyên, Phú Quốc,.. nơi cho ra trầm tốt nhất thế giới.&nbsp;</p><p style="text-align: justify;">&nbsp;</p><p style="text-align: justify;"><strong>GIỚI THIỆU VỀ&nbsp;TRẦM HƯƠNG SƠN HỒNG</strong></p><p style="text-align: justify;">Đối với bạn trầm hương là sự may mắn, đối với Sơn Hồng, trầm hương là tâm huyết của gia đình chúng tôi. Với hơn 30 năm làm trầm, chúng tôi hiểu giá trị của Trầm Hương và mong muốn mang trầm hương Việt đến với người Việt cùng với lời chúc về sự thịnh vượng và may mắn trong cuộc sống.</p><p style="text-align: justify;">&nbsp;</p><p style="text-align: justify;"><strong>CHÚNG TÔI CAM KẾT</strong></p><p style="text-align: justify;">- Nguồn gốc đúng: Trầm Hương Việt Nam được giới chuyên về trầm đánh giá tốt nhất thế giới về mùi thơm cũng như chất lượng.</p><p style="text-align: justify;">- Đúng &amp; đủ tuổi trầm như đã công bố: Chúng tôi cam kết sử dụng đúng loại trầm có số tuổi như đã công bố trên từng sản phẩm.&nbsp;</p><p style="text-align: justify;">- 100% sử dụng nguyên liệu tự nhiên: Chúng tôi không sử dụng bất kỳ hoá chất tạo màu hoặc tạo mùi nào trong tất cả các sản phẩm về trầm hương của Sơn Hồng.</p><p style="text-align: justify;"><br>&nbsp;</p>',
  NULL,
  'TRẦM HƯƠNG CẢNH MINI - MẪU 4',
  'Trầm hương cảnh mini ngày càng được nhiều người “yêu trầm” tìm mua để trang trí hay làm quà tặng phong thuỷ ý nghĩa. Nghệ thuật thưởng Trầm sang trọng, quý phái thể hiện đẳng cấp của người chơi Trầm.',
  'TRẦM HƯƠNG SƠN HỒNG',
  'Khác',
  ARRAY['trầm hương cảnh', 'trầm cảnh'],
  'published',
  '2022-12-27T10:35:10+07:00'::timestamp,
  '2022-12-31T15:13:30+07:00'::timestamp
) ON CONFLICT (haravan_product_id) DO NOTHING;

INSERT INTO product_variants (
  product_id, haravan_variant_id, option1_name, option1_value,
  option2_name, option2_value, option3_name, option3_value,
  price, compare_at_price, sku, barcode, weight, inventory_quantity,
  inventory_policy, track_inventory, requires_shipping, taxable,
  unit, base_unit, conversion_rate, sell_by_unit
) VALUES (
  (SELECT id FROM products WHERE haravan_product_id = '1044092005'),
  '1097124537',
  'Title', 'trầm hương cảnh mini mẫu 4',
  NULL, NULL,
  NULL, NULL,
  0, NULL,
  NULL, NULL,
  800, 1,
  'deny', true,
  true, true,
  NULL, NULL,
  NULL, false
) ON CONFLICT (haravan_variant_id) DO NOTHING;

INSERT INTO product_images (product_id, url, alt_text_vi, position, is_primary)
VALUES (
  (SELECT id FROM products WHERE haravan_product_id = '1044092005'),
  'https://product.hstatic.net/200000591825/product/tbmini4-1_814d7f6e61a5462697875cc32a512ee7.png',
  NULL,
  1,
  true
);


-- Product: TRẦM HƯƠNG CẢNH MINI - MẪU 5
INSERT INTO products (
  haravan_product_id, name_vi, slug, description_vi, excerpt_vi,
  seo_title_vi, seo_description_vi, brand, product_type, tags, status,
  haravan_created_at, haravan_updated_at
) VALUES (
  '1044092358',
  'TRẦM HƯƠNG CẢNH MINI - MẪU 5',
  'tram-huong-canh-mini-mau-5',
  '<h1 style="text-align: center;"><strong><span style="color:#f39c12">TRẦM HƯƠNG CẢNH MINI MẪU 5</span></strong></h1><p style="text-align: justify;"><strong>THÔNG TIN SẢN PHẨM</strong></p><table border="1" cellspacing="1" cellpadding="1" style="width:500px"><tbody><tr><td style="width:161px">KÍCH THƯỚC</td><td style="width:325px">&nbsp;</td></tr><tr><td style="width:161px">LOẠI TRẦM</td><td style="width:325px">Trầm hương tự nhiên</td></tr><tr><td style="width:161px">ĐẶC TÍNH</td><td style="width:325px">Mùi hương nhẹ nhàng, dịu ngọt</td></tr><tr><td style="width:161px">BẢO HÀNH</td><td style="width:325px">1 ĐỔI 1 trong vòng 1 THÁNG nếu có lỗi kỹ thuật</td></tr></tbody></table><h2 style="text-align: justify;"><span style="color:#f39c12"><strong>MÔ TẢ SẢN PHẨM TRẦM HƯƠNG CẢNH MINI</strong></span></h2><p style="text-align: center"><img src="//file.hstatic.net/200000591825/file/tbmini5-1_a153580bad1d4c41badf62cbf1677cca_grande.png"></p><p style="text-align: justify;">&nbsp;</p><p style="text-align: justify;"><strong>Trầm cảnh mini Sơn Hồng</strong> được sản xuất từ gỗ trầm hương thiên nhiên 100% với mùi thơm thoang thoảng, dịu nhẹ. Qua đôi bàn tay khéo léo của người nghệ nhân lành nghề, những khối trầm cảnh được tạo hình vô cùng bắt mắt và độc đáo.</p><p style="text-align: justify;">&nbsp;</p><p style="text-align: justify;">Trầm Hương rừng thiên nhiên trưng bầy trong nhà bảo vệ gia chủ khỏi các tai nạn và xui xẻo. Ngoài ra trưng bầy trầm hương trong nhà sẽ không bị ảnh hưởng bởi âm khí hóa giải được tiểu nhân ám hại .</p><p style="text-align: justify;">&nbsp;</p><p style="text-align: justify;">Trầm cảnh mini ngày càng được nhiều người “yêu trầm” tìm mua để trang trí hay làm quà tặng phong thuỷ ý nghĩa. Nghệ thuật thưởng Trầm sang trọng, quý phái thể hiện đẳng cấp của người chơi Trầm.</p><p style="text-align: justify;">&nbsp;</p><h2 style="text-align: justify;"><span style="color:#f39c12"><strong>CÔNG DỤNG CỦA TRẦM HƯƠNG CẢNH MINI SƠN HỒNG</strong></span></h2><p style="text-align: justify;">&nbsp;</p><p style="text-align: justify;">Việc đặt một khối trầm hương cảnh trong nhà với hương thơm nhẹ nhàng, tinh tế và thoang thoảng chính là giải pháp giải tỏa căng thẳng hiệu quả.&nbsp;</p><p style="text-align: justify;">&nbsp;</p><p style="text-align: justify;">Nếu đặt trầm cảnh trong gia đình, các thành viên đoàn kết và hòa thuận mang đến không gian thoải mái nhất cho cả nhà.&nbsp;</p><p style="text-align: justify;">&nbsp;</p><p style="text-align: justify;">Trầm cảnh cũng có tác dụng thu hút năng lượng tích cực, chiêu tài, rước lộc và mang đến may mắn cho gia chủ. Từ đó, trầm cảnh cũng có tác dụng hỗ trợ con đường sự nghiệp thăng hoa và việc buôn bán thuận lợi hơn bao giờ hết.</p><p style="text-align: justify;">&nbsp;</p><h2 style="text-align: justify;"><span style="color:#f39c12"><strong>VỊ TRÍ ĐẶT TRẦM CẢNH ĐỂ HỢP PHONG THUỶ</strong></span></h2><p style="text-align: justify;">&nbsp;</p><p style="text-align: justify;">- Vì là vật linh thiêng nên cũng có quan niệm rằng nên đặt trầm cảnh ở những nơi thần tiên vào nhà hoặc ở cửa chính.</p><p style="text-align: justify;">- Đặt ở trên bàn học để giúp tinh thần thoải mái, tập trung và đạt được kết quả tốt</p><p style="text-align: justify;">- Đặt ở trên bàn làm việc sẽ giúp công việc hay những cuộc đàm phán trở lên tốt đẹp, suôn sẻ, thu hút tài lộc.</p><p style="text-align: justify;">&nbsp;</p><p style="text-align: justify;"><strong>VỀ TRẦM HƯƠNG VIỆT NAM</strong></p><p style="text-align: justify;">Gỗ trầm hương Việt Nam được giới chuyên gia về trầm đánh giá rất cao trên thế giới về mùi hương, cũng như chất lượng nhờ vào điều kiện khí hậu &amp; thổ nhưỡng đặc trưng của rừng rậm nhiệt đới, nơi mà cây trầm phát triển và tạo trầm tốt nhất. Trầm Hương Việt Nam thường sinh trưởng tại các khu rừng rậm nhiệt đới ở Quảng Nam, Tây Nguyên, Phú Quốc,.. nơi cho ra trầm tốt nhất thế giới.&nbsp;</p><p style="text-align: justify;">&nbsp;</p><p style="text-align: justify;"><strong>GIỚI THIỆU VỀ&nbsp; TRẦM HƯƠNG SƠN HỒNG</strong></p><p style="text-align: justify;">Đối với bạn trầm hương là sự may mắn, đối với Sơn Hồng, trầm hương là tâm huyết của gia đình chúng tôi. Với hơn 30 năm làm trầm, chúng tôi hiểu giá trị của Trầm Hương và mong muốn mang trầm hương Việt đến với người Việt cùng với lời chúc về sự thịnh vượng và may mắn trong cuộc sống.</p><p style="text-align: justify;">&nbsp;</p><p style="text-align: justify;"><strong>CHÚNG TÔI CAM KẾT</strong></p><p style="text-align: justify;">- Nguồn gốc đúng: Trầm Hương Việt Nam được giới chuyên về trầm đánh giá tốt nhất thế giới về mùi thơm cũng như chất lượng.</p><p style="text-align: justify;">- Đúng &amp; đủ tuổi trầm như đã công bố: Chúng tôi cam kết sử dụng đúng loại trầm có số tuổi như đã công bố trên từng sản phẩm.&nbsp;</p><p style="text-align: justify;">- 100% sử dụng nguyên liệu tự nhiên: Chúng tôi không sử dụng bất kỳ hoá chất tạo màu hoặc tạo mùi nào trong tất cả các sản phẩm về trầm hương của Sơn Hồng.</p><p style="text-align: justify;"><br>&nbsp;</p>',
  NULL,
  'TRẦM HƯƠNG CẢNH MINI - MẪU 5',
  'Trầm hương cảnh mini Sơn Hồng được sản xuất từ gỗ trầm hương thiên nhiên 100% với mùi thơm thoang thoảng, dịu nhẹ. Qua đôi bàn tay khéo léo của người nghệ nhân lành nghề, những khối trầm cảnh được tạo hình vô cùng bắt mắt và độc đáo.',
  'TRẦM HƯƠNG SƠN HỒNG',
  'Khác',
  ARRAY['trầm hương cảnh', 'trầm cảnh'],
  'published',
  '2022-12-27T10:39:36+07:00'::timestamp,
  '2022-12-31T15:14:26+07:00'::timestamp
) ON CONFLICT (haravan_product_id) DO NOTHING;

INSERT INTO product_variants (
  product_id, haravan_variant_id, option1_name, option1_value,
  option2_name, option2_value, option3_name, option3_value,
  price, compare_at_price, sku, barcode, weight, inventory_quantity,
  inventory_policy, track_inventory, requires_shipping, taxable,
  unit, base_unit, conversion_rate, sell_by_unit
) VALUES (
  (SELECT id FROM products WHERE haravan_product_id = '1044092358'),
  '1097125562',
  'Title', 'trầm hương cảnh mini mẫu 5',
  NULL, NULL,
  NULL, NULL,
  0, NULL,
  NULL, NULL,
  800, 1,
  'deny', true,
  true, true,
  NULL, NULL,
  NULL, false
) ON CONFLICT (haravan_variant_id) DO NOTHING;

INSERT INTO product_images (product_id, url, alt_text_vi, position, is_primary)
VALUES (
  (SELECT id FROM products WHERE haravan_product_id = '1044092358'),
  'https://product.hstatic.net/200000591825/product/tbmini5-1_b6e857ab65b644f0a9f7d94e02de5c10.png',
  NULL,
  1,
  true
);

INSERT INTO product_images (product_id, url, alt_text_vi, position, is_primary)
VALUES (
  (SELECT id FROM products WHERE haravan_product_id = '1044092358'),
  'https://product.hstatic.net/200000591825/product/tbmini5-2_fdcf4f9e8946458385a777f62f37a7d2.png',
  NULL,
  2,
  false
);


-- Product: TRẦM HƯƠNG CẢNH MINI - MẪU 6
INSERT INTO products (
  haravan_product_id, name_vi, slug, description_vi, excerpt_vi,
  seo_title_vi, seo_description_vi, brand, product_type, tags, status,
  haravan_created_at, haravan_updated_at
) VALUES (
  '1044092720',
  'TRẦM HƯƠNG CẢNH MINI - MẪU 6',
  'tram-huong-canh-mini-mau-6',
  '<h1 style="text-align: center;"><strong><span style="color:#f39c12">TRẦM HƯƠNG CẢNH MINI MẪU 6</span></strong></h1><p style="text-align: justify;">&nbsp;</p><p style="text-align: justify;"><strong>THÔNG TIN SẢN PHẨM</strong></p><table border="1" cellspacing="1" cellpadding="1" style="width:500px"><tbody><tr><td style="width:158px">KÍCH THƯỚC</td><td style="width:328px">&nbsp;</td></tr><tr><td style="width:158px">LOẠI TRẦM</td><td style="width:328px">Trầm hương tự nhiên</td></tr><tr><td style="width:158px">ĐẶC TÍNH</td><td style="width:328px">Mùi hương nhẹ nhàng, dịu ngọt</td></tr><tr><td style="width:158px">BẢO HÀNH</td><td style="width:328px">1 ĐỔI 1 trong vòng 1 THÁNG nếu có lỗi kỹ thuật</td></tr></tbody></table><p style="text-align: justify;">&nbsp;</p><h2 style="text-align: justify;"><span style="color:#f39c12"><strong>MÔ TẢ SẢN PHẨM TRẦM HƯƠNG CẢNH MINI</strong></span></h2><div>&nbsp;</div><p style="text-align: center"><img src="//file.hstatic.net/200000591825/file/tbmini6-1_28f4e8f2f6d34797beb6ded6d21366df_grande.png"></p><p style="text-align: justify;">&nbsp;</p><p style="text-align: justify;"><strong>Trầm cảnh mini Sơn Hồng</strong> được sản xuất từ gỗ trầm hương thiên nhiên 100% với mùi thơm thoang thoảng, dịu nhẹ. Qua đôi bàn tay khéo léo của người nghệ nhân lành nghề, những khối trầm cảnh được tạo hình vô cùng bắt mắt và độc đáo.</p><p style="text-align: justify;">&nbsp;</p><p style="text-align: justify;">Trầm Hương rừng thiên nhiên trưng bầy trong nhà bảo vệ gia chủ khỏi các tai nạn và xui xẻo. Ngoài ra trưng bầy trầm hương trong nhà sẽ không bị ảnh hưởng bởi âm khí hóa giải được tiểu nhân ám hại .</p><p style="text-align: justify;">&nbsp;</p><p style="text-align: justify;">Trầm cảnh mini ngày càng được nhiều người “yêu trầm” tìm mua để trang trí hay làm quà tặng phong thuỷ ý nghĩa. Nghệ thuật thưởng Trầm sang trọng, quý phái thể hiện đẳng cấp của người chơi Trầm.</p><p style="text-align: justify;">&nbsp;</p><h2 style="text-align: justify;"><span style="color:#f39c12"><strong>CÔNG DỤNG CỦA TRẦM HƯƠNG CẢNH MINI SƠN HỒNG</strong></span></h2><p style="text-align: justify;">&nbsp;</p><p style="text-align: justify;">Việc đặt một khối trầm hương cảnh trong nhà với hương thơm nhẹ nhàng, tinh tế và thoang thoảng chính là giải pháp giải tỏa căng thẳng hiệu quả.&nbsp;</p><p style="text-align: justify;">&nbsp;</p><p style="text-align: justify;">Nếu đặt trầm cảnh trong gia đình, các thành viên đoàn kết và hòa thuận mang đến không gian thoải mái nhất cho cả nhà.&nbsp;</p><p style="text-align: justify;">&nbsp;</p><p style="text-align: justify;">Trầm cảnh cũng có tác dụng thu hút năng lượng tích cực, chiêu tài, rước lộc và mang đến may mắn cho gia chủ. Từ đó, trầm cảnh cũng có tác dụng hỗ trợ con đường sự nghiệp thăng hoa và việc buôn bán thuận lợi hơn bao giờ hết.</p><p style="text-align: justify;">&nbsp;</p><h2 style="text-align: justify;"><strong><span style="color:#f39c12">VỊ TRÍ ĐẶT TRẦM CẢNH ĐỂ HỢP PHONG THUỶ</span></strong></h2><p style="text-align: justify;">&nbsp;</p><p style="text-align: justify;">- Vì là vật linh thiêng nên cũng có quan niệm rằng nên đặt trầm cảnh ở những nơi thần tiên vào nhà hoặc ở cửa chính.</p><p style="text-align: justify;">- Đặt ở trên bàn học để giúp tinh thần thoải mái, tập trung và đạt được kết quả tốt</p><p style="text-align: justify;">- Đặt ở trên bàn làm việc sẽ giúp công việc hay những cuộc đàm phán trở lên tốt đẹp, suôn sẻ, thu hút tài lộc.</p><p style="text-align: justify;">&nbsp;</p><p style="text-align: justify;"><strong>VỀ TRẦM HƯƠNG VIỆT NAM</strong></p><p style="text-align: justify;">Gỗ trầm hương Việt Nam được giới chuyên gia về trầm đánh giá rất cao trên thế giới về mùi hương, cũng như chất lượng nhờ vào điều kiện khí hậu &amp; thổ nhưỡng đặc trưng của rừng rậm nhiệt đới, nơi mà cây trầm phát triển và tạo trầm tốt nhất. Trầm Hương Việt Nam thường sinh trưởng tại các khu rừng rậm nhiệt đới ở Quảng Nam, Tây Nguyên, Phú Quốc,.. nơi cho ra trầm tốt nhất thế giới.&nbsp;</p><p style="text-align: justify;">&nbsp;</p><p style="text-align: justify;"><strong>GIỚI THIỆU VỀ&nbsp; TRẦM HƯƠNG SƠN HỒNG</strong></p><p style="text-align: justify;">Đối với bạn trầm hương là sự may mắn, đối với Sơn Hồng, trầm hương là tâm huyết của gia đình chúng tôi. Với hơn 30 năm làm trầm, chúng tôi hiểu giá trị của Trầm Hương và mong muốn mang trầm hương Việt đến với người Việt cùng với lời chúc về sự thịnh vượng và may mắn trong cuộc sống.</p><p style="text-align: justify;">&nbsp;</p><p style="text-align: justify;"><strong>CHÚNG TÔI CAM KẾT</strong></p><p style="text-align: justify;">- Nguồn gốc đúng: Trầm Hương Việt Nam được giới chuyên về trầm đánh giá tốt nhất thế giới về mùi thơm cũng như chất lượng.</p><p style="text-align: justify;">- Đúng &amp; đủ tuổi trầm như đã công bố: Chúng tôi cam kết sử dụng đúng loại trầm có số tuổi như đã công bố trên từng sản phẩm.&nbsp;</p><p style="text-align: justify;">- 100% sử dụng nguyên liệu tự nhiên: Chúng tôi không sử dụng bất kỳ hoá chất tạo màu hoặc tạo mùi nào trong tất cả các sản phẩm về trầm hương của Sơn Hồng.</p><p style="text-align: justify;"><br>&nbsp;</p>',
  NULL,
  'TRẦM HƯƠNG CẢNH MINI - MẪU 6',
  'Trầm cảnh mini Sơn Hồng được sản xuất từ gỗ trầm hương thiên nhiên 100% với mùi thơm thoang thoảng, dịu nhẹ. Qua đôi bàn tay khéo léo của người nghệ nhân lành nghề, những khối trầm cảnh được tạo hình vô cùng bắt mắt và độc đáo.',
  'TRẦM HƯƠNG SƠN HỒNG',
  'Khác',
  ARRAY['trầm hương cảnh', 'trầm cảnh'],
  'published',
  '2022-12-27T10:43:31+07:00'::timestamp,
  '2022-12-31T15:14:58+07:00'::timestamp
) ON CONFLICT (haravan_product_id) DO NOTHING;

INSERT INTO product_variants (
  product_id, haravan_variant_id, option1_name, option1_value,
  option2_name, option2_value, option3_name, option3_value,
  price, compare_at_price, sku, barcode, weight, inventory_quantity,
  inventory_policy, track_inventory, requires_shipping, taxable,
  unit, base_unit, conversion_rate, sell_by_unit
) VALUES (
  (SELECT id FROM products WHERE haravan_product_id = '1044092720'),
  '1097126435',
  'Title', 'trầm hương cảnh mini mẫu 6',
  NULL, NULL,
  NULL, NULL,
  7800000, NULL,
  NULL, NULL,
  800, 1,
  'deny', true,
  true, true,
  NULL, NULL,
  NULL, false
) ON CONFLICT (haravan_variant_id) DO NOTHING;

INSERT INTO product_images (product_id, url, alt_text_vi, position, is_primary)
VALUES (
  (SELECT id FROM products WHERE haravan_product_id = '1044092720'),
  'https://product.hstatic.net/200000591825/product/tbmini6-1_8d1a0377fda6480b9bb63e622d1db8ab.png',
  NULL,
  1,
  true
);


COMMIT;
